method,tau,rho,top10
Classical TOPSIS (crisp),0.7617395327318991,0.9107710288907556,9
Weighted sum (crisp),0.8105482303955586,0.9400009391974035,9
"Weighted geometric mean (crisp, kappa=0)",0.9833448993754337,0.9992068999702587,9
IFWA-DIFSS (arithmetic),0.7508674531575295,0.9064402853073,5
IF-TOPSIS,0.7804765209345361,0.9229284175045523,9
IF-VIKOR (v=0.5),0.8706916493176035,0.9705144192890275,10
Pythagorean fuzzy WG (q=2),0.967383761276891,0.9974276426666944,9
q-rung orthopair fuzzy WG (q=3),0.9282905389775618,0.9897105706667779,9
"IF-WASPAS, exponential recency (0.8)",0.8318297478602822,0.9524974824291818,6
