ISO3,Country,IFWG-DIFSS (proposed),Classical TOPSIS (crisp),Weighted sum (crisp),"Weighted geometric mean (crisp, kappa=0)",IFWA-DIFSS (arithmetic),IF-TOPSIS,IF-VIKOR (v=0.5),Pythagorean fuzzy WG (q=2),q-rung orthopair fuzzy WG (q=3),"IF-WASPAS, exponential recency (0.8)"
AUT,Austria,1,2,2,1,9,2,2,1,1,4
NOR,Norway,2,1,1,2,7,1,1,2,2,1
DNK,Denmark,3,5,3,3,12,5,4,3,3,5
NZL,New Zealand,4,3,5,4,13,4,3,4,4,6
CRI,Costa Rica,5,4,4,5,6,3,5,5,5,2
BRA,Brazil,6,6,6,6,16,6,6,6,6,13
MOZ,Mozambique,7,8,9,7,14,7,7,7,7,14
URY,Uruguay,8,7,7,8,10,8,9,9,9,11
CAN,Canada,9,15,16,9,24,14,8,8,8,16
ALB,Albania,10,9,8,13,1,9,10,15,16,3
HRV,Croatia,11,16,15,10,28,18,11,10,10,22
PRT,Portugal,12,21,17,11,27,22,15,11,11,17
UGA,Uganda,13,10,10,14,8,10,14,17,20,12
NIC,Nicaragua,14,24,23,12,29,21,12,12,12,26
DEU,Germany,15,35,22,15,23,26,22,14,14,18
FIN,Finland,16,34,27,16,32,28,17,13,13,23
ROU,Romania,17,40,34,18,38,35,25,16,15,37
SWE,Sweden,18,25,24,19,26,25,13,18,19,19
SLV,El Salvador,19,17,19,17,22,20,18,19,22,21
PRY,Paraguay,20,11,11,23,3,11,19,27,30,7
NPL,Nepal,21,12,12,26,2,12,20,28,31,8
ESP,Spain,22,43,35,20,39,40,29,20,17,35
GBR,United Kingdom,23,45,37,25,37,38,30,22,21,32
CHE,Switzerland,24,30,28,21,31,32,16,23,24,24
CHL,Chile,25,41,39,24,43,39,24,21,18,30
COD,"Congo, Dem. Rep.",26,13,13,28,5,13,21,32,33,9
COL,Colombia,27,26,29,22,35,31,23,26,27,36
ITA,Italy,28,47,40,27,46,44,35,24,23,40
IRL,Ireland,29,49,41,29,44,45,37,25,25,39
GRC,Greece,30,52,45,31,51,48,38,29,26,42
PER,Peru,31,42,44,30,49,42,26,30,28,44
ECU,Ecuador,32,31,33,34,30,30,32,34,34,29
TUR,Turkiye,33,53,49,33,54,52,41,31,29,47
TJK,Tajikistan,34,18,18,37,11,16,28,39,47,15
PAN,Panama,35,32,36,32,40,37,33,33,32,43
ZMB,Zambia,36,19,20,36,17,17,31,37,42,20
AGO,Angola,37,33,38,35,33,34,36,35,36,38
AFG,Afghanistan,38,22,25,38,19,19,34,41,48,25
ETH,Ethiopia,39,14,14,40,4,15,27,47,58,10
BEL,Belgium,40,55,47,39,48,51,52,36,38,46
SVK,Slovak Republic,41,57,50,42,52,54,54,38,39,50
LAO,Lao PDR,42,36,43,43,36,36,39,43,43,41
GEO,Georgia,43,28,31,46,25,29,40,49,56,34
ARM,Armenia,44,61,57,44,63,58,56,40,35,61
GTM,Guatemala,45,37,42,41,41,43,42,44,45,45
VNM,Viet Nam,46,59,59,45,68,64,53,42,37,60
HND,Honduras,47,51,53,48,53,53,44,48,46,52
GHA,Ghana,48,62,66,51,65,63,47,45,40,62
SLE,Sierra Leone,49,29,32,47,21,33,45,58,63,28
MDG,Madagascar,50,60,62,50,58,66,48,46,41,65
AUS,Australia,51,66,63,52,67,67,61,50,44,55
ZWE,Zimbabwe,52,50,52,49,55,55,46,51,50,51
USA,United States,53,64,61,56,61,65,64,53,55,57
BGR,Bulgaria,54,63,60,55,64,60,66,54,53,64
FRA,France,55,70,67,57,62,68,68,55,52,58
KHM,Cambodia,56,56,58,53,60,57,49,56,54,66
MRT,Mauritania,57,74,71,58,69,71,63,57,51,74
BIH,Bosnia and Herzegovina,58,69,68,54,73,72,59,52,49,67
HUN,Hungary,59,67,64,60,59,62,72,60,61,56
RWA,Rwanda,60,54,56,59,56,56,55,61,62,54
ARG,Argentina,61,76,73,61,77,76,70,59,57,70
POL,Poland,62,72,70,63,70,69,77,62,60,68
KGZ,Kyrgyz Republic,63,27,30,64,18,23,43,68,80,33
MWI,Malawi,64,20,21,62,15,24,51,69,83,27
CZE,Czechia,65,65,65,66,57,59,76,65,67,69
BOL,Bolivia,66,75,76,65,78,77,67,63,59,73
MAR,Morocco,67,84,78,69,80,80,79,64,64,78
BDI,Burundi,68,38,46,68,34,41,57,72,77,49
VEN,"Venezuela, RB",69,39,48,67,45,47,58,70,75,48
PAK,Pakistan,70,81,79,70,82,81,73,66,65,77
KEN,Kenya,71,23,26,71,20,27,50,80,89,31
RUS,Russian Federation,72,88,86,72,98,88,84,67,66,90
JOR,Jordan,73,79,75,73,75,79,86,71,70,75
DOM,Dominican Republic,74,94,87,75,89,86,88,73,69,83
THA,Thailand,75,89,85,77,88,84,91,75,71,82
IND,India,76,96,88,79,84,93,87,76,74,79
TGO,Togo,77,91,89,74,85,91,85,74,68,80
PHL,Philippines,78,98,96,80,91,92,82,77,72,86
LKA,Sri Lanka,79,68,72,76,72,73,69,79,76,71
MKD,North Macedonia,80,82,84,78,95,89,78,78,73,84
MLI,Mali,81,71,77,81,74,78,71,81,79,85
SDN,Sudan,82,46,54,82,47,49,60,89,90,53
MYS,Malaysia,83,104,100,83,106,103,93,82,78,95
NLD,Netherlands,84,83,82,84,81,100,83,86,85,76
PNG,Papua New Guinea,85,97,99,85,92,94,81,83,81,91
EGY,"Egypt, Arab Rep.",86,95,91,87,90,85,97,85,84,92
JAM,Jamaica,87,106,102,86,105,99,98,84,82,99
TZA,Tanzania,88,78,83,88,79,82,75,87,86,81
JPN,Japan,89,102,97,89,99,106,95,88,87,87
MEX,Mexico,90,105,101,90,94,104,96,90,88,93
MMR,Myanmar,91,58,69,91,66,61,74,91,94,72
IRN,"Iran, Islamic Rep.",92,73,74,92,71,70,94,92,95,96
MDA,Moldova,93,85,90,93,86,83,99,93,93,98
YEM,"Yemen, Rep.",94,110,108,94,102,105,105,94,91,105
CHN,China,95,86,92,97,93,97,80,97,98,89
KOR,"Korea, Rep.",96,93,95,95,96,90,103,96,96,97
KAZ,Kazakhstan,97,114,111,96,118,116,107,95,92,112
CMR,Cameroon,98,48,55,99,50,50,65,102,105,63
ISR,Israel,99,92,94,98,97,87,104,99,99,103
GIN,Guinea,100,44,51,101,42,46,62,104,106,59
NGA,Nigeria,101,107,107,102,103,102,92,98,97,101
LBN,Lebanon,102,103,98,100,101,107,109,100,100,94
ZAF,South Africa,103,108,109,103,110,108,113,101,102,106
TUN,Tunisia,104,80,81,104,76,74,100,106,104,102
SEN,Senegal,105,115,112,105,112,111,106,103,101,107
IDN,Indonesia,106,111,110,106,113,110,101,105,103,108
ARE,United Arab Emirates,107,77,80,107,83,75,102,107,110,100
SGP,Singapore,108,100,103,109,108,98,111,108,107,110
LBR,Liberia,109,87,93,108,87,115,112,109,109,88
CIV,Cote d'Ivoire,110,99,106,110,100,101,90,111,112,104
BLR,Belarus,111,101,104,111,107,96,114,113,114,115
AZE,Azerbaijan,112,122,120,112,121,121,116,110,108,119
UZB,Uzbekistan,113,123,123,114,127,123,115,112,111,118
HTI,Haiti,114,117,115,113,111,114,110,114,113,109
COG,"Congo, Rep.",115,90,105,115,104,95,89,115,116,111
MDV,Maldives,116,120,119,116,124,118,117,116,115,120
BFA,Burkina Faso,117,116,117,117,114,112,108,117,117,113
NER,Niger,118,119,118,118,115,113,120,118,118,117
TCD,Chad,119,118,114,119,109,122,123,120,120,114
SOM,"Somalia, Fed. Rep.",120,125,124,120,116,119,118,119,119,116
MNG,Mongolia,121,121,121,121,126,128,122,121,121,124
OMN,Oman,122,109,113,122,120,117,121,122,123,122
DZA,Algeria,123,113,116,123,117,109,119,123,124,123
ERI,Eritrea,124,127,125,124,119,125,124,124,122,121
QAT,Qatar,125,112,122,125,128,124,125,125,125,128
BGD,Bangladesh,126,129,127,126,123,126,127,126,126,127
BEN,Benin,127,128,126,127,122,120,126,127,127,125
KWT,Kuwait,128,126,129,128,129,129,128,128,128,129
SLB,Solomon Islands,129,131,130,129,125,127,129,129,129,126
BHR,Bahrain,130,124,128,130,130,130,130,130,130,131
SAU,Saudi Arabia,131,130,131,131,131,131,131,131,131,130
TKM,Turkmenistan,132,132,132,132,132,132,132,132,132,132
