Rank,ISO3,Country,Score,mu,nu,pi,S_Policy,mu_Policy,nu_Policy,S_RenewableShare,mu_RenewableShare,nu_RenewableShare,S_CO2,mu_CO2,nu_CO2,logmu_contrib_Policy,log1mnu_contrib_Policy,logmu_contrib_RenewableShare,log1mnu_contrib_RenewableShare,logmu_contrib_CO2,log1mnu_contrib_CO2,RISE_first,RISE_last,REshare_first,REshare_last,CO2pc_first,CO2pc_last,rank_optimistic,rank_pessimistic,rank_lo,rank_hi
1,AUT,Austria,0.523688953686206,0.7237420916700064,0.2000531379838003,0.07620477034619333,0.5442539486452814,0.7322759048611505,0.18802195621586903,0.5079383719587053,0.7193708094409685,0.21143243748226326,0.5271500840748343,0.6792417974630363,0.15209171338820193,-0.13242662003038036,-0.08851817353134338,-0.18079697078497023,-0.13038503573896137,-0.010096586220100469,-0.004306766729726009,71.96296296296296,82.42592592592592,78.742,86.224,7.7574768779127234,6.322784246035784,1,1,1,1
2,NOR,Norway,0.5006089095772878,0.7234087473346028,0.22279983775731504,0.05379141490808215,0.07791966465063627,0.4996044375337313,0.421684772883095,0.9351995311604493,0.9610711276479162,0.025871596487466952,0.5907760136858895,0.7628211840681867,0.17204517038229716,-0.2949183573012469,-0.23274099359879524,-0.02179524031944142,-0.014387946888077055,-0.007067269941713465,-0.004928412239190216,53.31481481481482,69.4814814814815,98.054,98.606,9.04975223129384,7.178301732558617,2,2,2,2
3,DNK,Denmark,0.45271101231536215,0.6803708563051482,0.227659843989786,0.09196929970506584,0.5207291967529121,0.7300304435579379,0.20930124680502582,0.3937965606882833,0.6404270688909537,0.2466305082026704,0.6599967819442311,0.771174710723408,0.11117792877917698,-0.1337318237286722,-0.09980436627487846,-0.24460246920952436,-0.15544923268768654,-0.006782959618395293,-0.0030766104442407427,70.91534391534393,89.51851851851852,60.493,89.19,6.228760075488696,4.278205491993297,3,3,3,3
4,NZL,New Zealand,0.4163140102114514,0.6658439556669836,0.2495299454555322,0.08462609887748418,0.22363265534057242,0.5715174323754898,0.3478847770349174,0.5775986837841917,0.7460884643347326,0.16848978055054098,0.5870983274790287,0.7317219212539303,0.14462359377490164,-0.23776614569891685,-0.181698531596144,-0.16077997781389303,-0.10127914353510516,-0.008153813181983613,-0.004077854247018195,58.51851851851852,59.24074074074074,84.334,85.98,7.369932754926709,6.0141020793950855,4,5,4,5
5,CRI,Costa Rica,0.4038877937433134,0.6741259566265101,0.2702381628831967,0.05563588049029322,-0.09569217051785511,0.4166873052929216,0.5123794758107767,0.9484508401543451,0.9641484473149132,0.015697607160568117,0.8755294184382973,0.9173586283095639,0.04182920987126659,-0.3720461539802717,-0.3052368107684877,-0.020040475808737534,-0.00868481935012349,-0.0022516764727567775,-0.0011154184772966351,40.27777777777778,52.24074074074074,98.25,99.909,1.6914944283930258,1.6328356637835753,5,4,4,5
6,BRA,Brazil,0.28115025862140575,0.5907956986637867,0.3096454400423809,0.0995588612938324,-0.004503068614733707,0.45366237909265306,0.45816544770738676,0.5312800647513888,0.7108342979401059,0.1795542331887171,0.8354200427077179,0.890720521788514,0.05530047908079616,-0.3359145289120099,-0.260432789769761,-0.18734956677220707,-0.10863213539731684,-0.0030209131956570622,-0.001485033190988355,41.26984126984127,65.0925925925926,80.468,87.333,2.375335497897594,2.3182646611493936,6,7,6,7
7,MOZ,Mozambique,0.25781563743163105,0.6009108967240411,0.34309525929241,0.0559938439835489,-0.09062270199421224,0.4254314745053687,0.516054176499581,0.5838090441143655,0.7674139415718042,0.1836048974574387,0.9548395326389768,0.9706388013353038,0.015799268696326974,-0.36321999889218004,-0.3084516726751852,-0.14531068304168468,-0.11134886743539016,-0.0007779318670827315,-0.00041572221185600424,45.03968253968255,33.50000000000001,82.715,83.426,0.30478355334260887,0.2920064775212445,7,6,6,7
8,URY,Uruguay,0.19333555299701977,0.5518871712457727,0.3585516182487529,0.08956121050547439,-0.27958280251186646,0.3372222757838755,0.6168050782957419,0.7294357603476425,0.7910933529138223,0.061657592566179864,0.8106358775811582,0.86419414293434,0.053558265353181866,-0.4619718199307692,-0.4076572019068525,-0.12862970105659485,-0.0349324252412277,-0.0038101325272661994,-0.001436935939852265,28.560846560846564,53.81481481481482,96.828,98.878,2.020902067095298,2.5675694829131857,8,8,8,8
9,CAN,Canada,0.14016674167064402,0.5473937408154137,0.4072269991447697,0.04537926003981663,-0.022935453765462355,0.460661581804931,0.48359703557039335,0.2818360454680521,0.6270750764615981,0.345239030993546,0.2127178787037749,0.521165297803584,0.3084474190998091,-0.3294077253042508,-0.2808635579279989,-0.2561673075991888,-0.2324524935001309,-0.017011883926579208,-0.009627699725348682,38.97089947089948,66.87037037037037,64.565,64.272,15.898242417926847,14.00727040880315,9,9,9,9
10,ALB,Albania,0.09494165696912837,0.5390357759109161,0.44409411894178774,0.016870105147296144,-0.5060522154975585,0.23873034980901595,0.7447825653065745,0.9800000000000002,0.9900000000000001,0.009999999999999898,0.8213060680212623,0.8682009921815219,0.04689492416025964,-0.6087672903615304,-0.5803858169632192,-0.005516666218960228,-0.005516666218960228,-0.0036893790925328906,-0.0012537945509069268,8.523809523809524,51.01058201058201,100.0,100.0,1.6873962852890292,1.7852214941728,13,10,10,13
11,HRV,Croatia,0.06793342340345188,0.47653414994844456,0.4086007265449927,0.11486512350656275,-0.0830346344024217,0.4234861426794963,0.506520777081918,0.1753948472042991,0.5084783723504449,0.3330835251461458,0.7319330074537568,0.831825194508774,0.09989218705501723,-0.36516777776322845,-0.30016101769069314,-0.371241443380695,-0.22235564284217327,-0.004806669004673329,-0.002747239548714214,45.01322751322752,59.22222222222223,66.349,73.447,4.449766695634409,4.831514148259273,10,15,10,15
12,PRT,Portugal,0.06176918870047521,0.48024649256589425,0.41847730386541904,0.10127620356868672,0.11203025275529599,0.5345219781283224,0.42249172537302637,0.004297394414532585,0.4318722653318192,0.42757487091728663,0.6901878961084439,0.783327588256875,0.0931396921484311,-0.26620751813143,-0.23333442054165374,-0.46087347126007877,-0.30621871790674043,-0.006374791319190248,-0.002552139010666449,52.16666666666667,79.33333333333334,54.699,85.191,4.893054560710756,3.3247648994860155,11,14,11,14
13,UGA,Uganda,0.04736653400580193,0.5037865185916406,0.45641998458583866,0.03979349682252076,-0.5222540642868625,0.22637007458305575,0.7486241388699182,0.8666464165900948,0.9066328012341043,0.0399863846440095,0.970106768371218,0.9833231667322933,0.013216398361075243,-0.631361357900683,-0.5868314976234877,-0.05380230838558794,-0.02239955768461372,-0.0004390085803340122,-0.0003473054757783322,21.37301587301588,27.124338624338623,98.143,97.074,0.15468894784092188,0.16504818185678832,14,11,11,14
14,NIC,Nicaragua,0.0324342716610706,0.4744317994482531,0.4419975277871825,0.08357067276456442,-0.09751813195174791,0.4157575331517304,0.5132756651034783,0.11253375328619675,0.5084634085259835,0.39592965523978674,0.9222532327774315,0.9483524243469031,0.026099191569471603,-0.3729955162981358,-0.3060186148257532,-0.37125759710413464,-0.2766829206882029,-0.0013842892653891214,-0.000690350607764348,45.5,35.87566137566138,52.288,62.389,0.9181143350213214,0.8298415011841865,12,16,12,16
15,DEU,Germany,0.031878675261524214,0.49319346460181024,0.461314789340286,0.04549174605790374,0.46601390785492536,0.7099826085899008,0.24396870073497545,-0.2278068321981392,0.36624136769555876,0.594048199893698,0.5117832145675436,0.6834736307539204,0.17169041618637682,-0.14556604964208536,-0.1188585745392476,-0.5513532544441409,-0.4948480991959025,-0.00993445470363413,-0.004917229696940739,66.3015873015873,85.94179894179894,29.482,58.642,9.584233838679287,6.943956633863166,15,12,12,15
16,FIN,Finland,0.024297237470521982,0.48836812160938253,0.46407088413886055,0.04756099425175697,0.10057786714019645,0.5209317209425939,0.4203538538023974,-0.04995699657106856,0.4565014759551155,0.506458472526184,0.5510643791498883,0.7055944027546596,0.1545300236047713,-0.2771527064224574,-0.23176405219781093,-0.4304301371341694,-0.38760737847585747,-0.009102966389269995,-0.004381942510734541,39.88888888888889,80.96296296296296,44.233,55.857,8.88160307084068,5.535212212435392,16,13,13,16
17,ROU,Romania,-0.025357962533407274,0.462567751809146,0.4879257143425533,0.04950653384830073,0.17894728237815005,0.5647931640973098,0.3858458817191598,-0.18130206282066746,0.38587918831412454,0.567181251134792,0.721794596419365,0.8105476975782657,0.08875310115890067,-0.24279609710836805,-0.2071875815771683,-0.5226830573400563,-0.4596718200747527,-0.005483087911749928,-0.002426173640423834,60.70370370370371,65.77777777777779,41.996,46.51,3.994794101612774,3.7205505578369378,18,18,18,18
18,SWE,Sweden,-0.029003972642454634,0.46301272184753367,0.4920166944899883,0.04497058366247797,-0.2795571360253755,0.3458195448327625,0.625376680858138,0.18937988403978578,0.5640714507802439,0.3746915667404581,0.7585885185763179,0.8435962541986999,0.08500773562238195,-0.4512727283796883,-0.417271691589754,-0.3142881610154573,-0.2577159028499148,-0.004439858885729744,-0.00231910067326034,14.19047619047619,83.15873015873015,57.175,69.358,4.281934499200601,3.5738164598476647,19,17,17,19
19,SLV,El Salvador,-0.038681749974085355,0.4313595913072098,0.47004134128129516,0.09859906741149504,-0.4260491756370223,0.2643349688188515,0.6903841444558738,0.38937836951284444,0.608503711429192,0.21912534191634758,0.867947408113004,0.9025672097032491,0.034619801590245136,-0.5654680653468978,-0.4982703570720611,-0.27266914180349483,-0.13576617972552232,-0.0026760110000635974,-0.0009197410982711853,29.5026455026455,27.39153439153439,59.416,90.812,1.1818313765965682,1.5056972862770193,17,25,17,25
20,PRY,Paraguay,-0.05402427360873996,0.46102339465677367,0.5150476682655136,0.02392893707771271,-0.6505639923472971,0.16450191354003355,0.8150659058873306,0.9800000000000002,0.9900000000000001,0.009999999999999898,0.901064862187053,0.935151328431391,0.03408646624433809,-0.7670396081511778,-0.7172826882991917,-0.005516666218960228,-0.005516666218960228,-0.0017502152743915057,-0.0009053234403306386,15.793650793650793,30.83068783068783,100.0,100.0,1.20212010447541,1.158193505035897,23,20,20,23
21,NPL,Nepal,-0.057860213095885404,0.461405960803549,0.5192661738994344,0.019327865297016578,-0.6543518107713879,0.16463865387494153,0.8189904646463294,0.9800000000000002,0.9900000000000001,0.009999999999999898,0.9324172642230479,0.9523726309744467,0.01995536675139875,-0.7666864851593426,-0.7263986824995088,-0.005516666218960228,-0.005516666218960228,-0.001273862997588725,-0.0005261894172649745,13.277777777777777,20.32539682539683,100.0,100.0,0.38504103419932745,0.5359640841097925,26,19,19,26
22,ESP,Spain,-0.07539584323344156,0.4241330491960242,0.49952889242946574,0.07633805837451002,0.14358832433491386,0.5381251115567578,0.39453678722184393,-0.23569389084540032,0.34408393736795,0.5797778282133503,0.6040937778536638,0.7152794760422033,0.11118569818853952,-0.2633523225409057,-0.21324460895175004,-0.5856086631945331,-0.4758839614436015,-0.008747091964538382,-0.0030768386295850535,54.87037037037037,83.33333333333334,38.652,57.336,5.662041262565425,4.505406883766329,20,26,20,26
23,GBR,United Kingdom,-0.07779969807000148,0.43822633575192077,0.5160260338219222,0.04574763042615704,0.2533541349589219,0.5891835472812261,0.33582941232230423,-0.2936151239088137,0.33840356239411407,0.6320186863029278,0.7011407676536048,0.8117135309836528,0.11057276333004806,-0.2248282101486119,-0.17391363152894745,-0.5947459753435003,-0.5487516880388907,-0.005445568289943246,-0.0030588430326104615,63.05555555555556,78.62962962962962,24.474,50.648,5.972950644758102,4.22077337220883,25,22,22,25
24,CHE,Switzerland,-0.07929438963255614,0.433556376517611,0.5128507661501671,0.053592857332221966,-0.3363511396632539,0.3195117819509057,0.6558629216141596,0.15121045414980538,0.5321880246276122,0.3809775704778068,0.7441413370987633,0.8381644729481325,0.09402313584936917,-0.48489934567272164,-0.4533454273393224,-0.3462256119118056,-0.26326175880533664,-0.004608483995799955,-0.0025775816865825875,10.857142857142858,76.3068783068783,61.882,67.449,4.871235342464379,3.7456879522056434,21,24,21,24
25,CHL,Chile,-0.08189966478043403,0.43365732957972564,0.5155569943601597,0.05078567606011464,-0.147489552097734,0.4051178446280314,0.5526073967257654,-0.055093692551292595,0.44465618394373263,0.4997498764950252,0.6765186062311672,0.7758142148344738,0.09929560860330655,-0.38401310997095023,-0.34182903487543387,-0.4448611274732767,-0.38019651141161825,-0.006626382487039853,-0.002729943702138813,35.98148148148148,67.05555555555557,42.89,70.041,4.864741057219377,3.9374400037318926,24,23,23,24
26,COD,"Congo, Dem. Rep.",-0.09053818999429869,0.44417956602498015,0.5347177560192788,0.021102677955741056,-0.6818937445597282,0.15045878711650396,0.8323525316762321,0.9781866447545431,0.9887585460866227,0.010571901332079636,0.9754261865587643,0.9863781522568321,0.010951965698067778,-0.8049629169203478,-0.7589897628667446,-0.006205419981261073,-0.005833847477633752,-0.00035803342306799796,-0.00028747088338543144,11.77777777777778,16.394179894179892,99.889,100.0,0.03562086351590882,0.05682478258201815,28,21,21,28
27,COL,Colombia,-0.12184258901475059,0.39219885501805113,0.5140414440328017,0.0937597009491472,-0.45514320223999494,0.2539397956219652,0.7090829978619602,0.22768163480970927,0.5275823813628309,0.2999007465531216,0.8653178834711771,0.9096837688455577,0.044365885374380576,-0.5825187043467969,-0.5247449540963154,-0.35099658944616113,-0.19570236128139004,-0.00247099081403215,-0.0011846191277825292,16.349206349206348,48.92328042328042,65.616,61.342,1.8654751539245986,1.7978037173779562,22,30,22,30
28,ITA,Italy,-0.12464671250537301,0.40510774126054344,0.5297544537659165,0.06513780497354005,0.031957562162377995,0.48176789735567715,0.44981033519329916,-0.2521526171904226,0.34371359230514964,0.5958662094955722,0.6464306059807426,0.763798743487137,0.11736813750639441,-0.3103686025572478,-0.25392940795432223,-0.5861997783830374,-0.4973118235890268,-0.007033838510623691,-0.0032590503623956936,43.98148148148148,84.11111111111111,37.772,50.172,5.8083407592116885,5.075738341026732,27,28,27,28
29,IRL,Ireland,-0.13682722629497368,0.4076622051697001,0.5444894314646738,0.047848363365626145,0.11170246717795906,0.5236664023737608,0.41196393519580177,-0.31070224011135994,0.32642688384556595,0.6371291239569259,0.5895925516681464,0.7398864246567615,0.15029387298861507,-0.27492750546941325,-0.22565672339380397,-0.6145247147749766,-0.5564281614341728,-0.007864155761317293,-0.00425147566990521,50.05555555555556,84.62962962962963,25.116,46.525,8.296369177121822,6.036057741313135,29,27,27,29
30,GRC,Greece,-0.15970972644250786,0.3998370812520668,0.5595468076945747,0.040616111053358495,0.04890169036807279,0.49820546673660504,0.44930377636853225,-0.3136840766912421,0.3278364427323628,0.6415205194236049,0.605264987590201,0.7240634861029283,0.11879849851272728,-0.29611007082461366,-0.25353829846237236,-0.6121595715383737,-0.5631114127484913,-0.008428469348900052,-0.0033013884146814946,48.05555555555556,76.66666666666667,27.656,49.229,6.325295418853669,5.046422275772709,31,29,29,31
31,PER,Peru,-0.17375146617209142,0.3816270184064294,0.5553784845785208,0.06299449701504978,-0.43895536020251463,0.25984428887322214,0.6987996490757368,0.07360371273000338,0.4939541737518586,0.42035046102185525,0.8319482329950201,0.8774490170651293,0.04550078407010927,-0.5727501151049939,-0.5099817307216311,-0.3871486360860223,-0.29933451641674036,-0.003412787771541237,-0.0012156387236990007,26.8968253968254,26.08994708994709,50.397,60.111,1.8628905505108548,2.0242418517961736,30,32,30,32
32,ECU,Ecuador,-0.20169388103331554,0.3714304245680502,0.5731243056013657,0.055445269830584065,-0.608906123556005,0.1874480180243626,0.7963541415803677,0.33493678248479053,0.6057790197525308,0.27084223726774026,0.8092007218224256,0.8672891418194553,0.05808841999702963,-0.711544422509254,-0.6763206919167939,-0.27513248205918006,-0.17337954538488215,-0.003716810250215449,-0.001562184654218534,10.555555555555555,40.87037037037037,59.978,72.443,2.5487879865779988,2.644749700007907,34,35,34,35
33,TUR,Turkiye,-0.20290972736486157,0.36513434777130405,0.5680440751361656,0.06682157709253034,-0.07198279262036855,0.4348519877229814,0.5068347803433499,-0.31557712652646464,0.3077152494282831,0.6232923759547477,0.6626609247439426,0.7750861086479685,0.1124251839040259,-0.35391189774968534,-0.3004315282636558,-0.6469271262234093,-0.5358869259190533,-0.006650893064171012,-0.0031132675384624663,45.49206349206349,54.93650793650794,32.886,45.614,4.935332469823076,5.37926453268486,33,37,33,37
34,TJK,Tajikistan,-0.20675701379270228,0.3845817382926553,0.5913387520853576,0.024079509621987127,-0.7379742230133464,0.12660911351562448,0.8645833365289709,0.7933248228267284,0.8710639328269053,0.07773911000017686,0.9163294986933121,0.9434970426187752,0.027167543925463056,-0.8783100382989054,-0.8497285074968397,-0.07577060924833073,-0.04442120100119422,-0.0015182817459331273,-0.0007190023329315435,7.047619047619048,16.465608465608465,96.462,94.595,0.6446805647561916,0.9224782684273056,37,31,31,37
35,PAN,Panama,-0.20978969235311595,0.35137580715592487,0.5611654995090408,0.08745869333503431,-0.5644225391044145,0.20207330615741548,0.76649584526183,0.20974172273100467,0.5199006743785644,0.3101589516475597,0.6965093208774562,0.757899347213739,0.061390026336282766,-0.6796152144677704,-0.6181744036824864,-0.35904749339353026,-0.20380467853665266,-0.007236244761453591,-0.001653846815122377,11.936507936507937,29.314814814814817,66.636,67.982,2.6468534054621817,2.7382990036489248,32,39,32,39
36,ZMB,Zambia,-0.21217221804024622,0.37493187911772907,0.5871040971579753,0.03796402372429564,-0.7129922290024264,0.1381883425138108,0.8511805715162372,0.6495370985521336,0.7763315561406342,0.1267944575885006,0.9455619488748466,0.9652142414455439,0.01965229257069734,-0.8411176877084603,-0.8096189274587252,-0.13896900845181717,-0.07442272354061936,-0.0009242290388971356,-0.0005181180219739128,5.870370370370371,22.383597883597883,94.308,87.475,0.3740358154694369,0.5429614773776685,36,33,33,36
37,AGO,Angola,-0.22716978939548943,0.3576948159368935,0.5848646053323829,0.0574405787307235,-0.629312937956958,0.17688325745244815,0.8061961954094061,0.30878332145546783,0.5898010778261763,0.28101775637070847,0.897852487404897,0.9237092843357,0.025856796930803005,-0.736198895391939,-0.6973731660285635,-0.28980464520870913,-0.18109353942531892,-0.002071584989518238,-0.0006838542951109418,14.555555555555555,28.25925925925926,58.561,73.701,1.0716761464780777,0.741712294740973,35,38,35,38
38,AFG,Afghanistan,-0.23766661104315145,0.3662189927176013,0.6038856037607527,0.02989540352164599,-0.7356448859222254,0.1270282555623833,0.8626731414846087,0.6550899138753238,0.7936423401552553,0.13855242627993147,0.9558267430132829,0.9715123851630573,0.015685642149774415,-0.8769054173862905,-0.8437754357688567,-0.1268639180805032,-0.08186408565950125,-0.0007544482899628344,-0.0004127086248776233,12.57936507936508,12.1164021164021,87.603,86.869,0.21935347999049698,0.28298029811459957,38,36,36,38
39,ETH,Ethiopia,-0.24649492518492055,0.37197180574147926,0.6184667309263998,0.009561463332120934,-0.7958733901026305,0.09907142921795463,0.8949448193205851,0.9790580947509531,0.989199822176159,0.010141727425205915,0.9706410025441993,0.9835986031107623,0.012957600566563032,-0.9825450182952701,-0.9576215136013112,-0.005960502724919549,-0.005595252352951236,-0.0004316975786139872,-0.0003404601459481437,4.523809523809524,33.145502645502646,100.0,100.0,0.15021997848875993,0.14663663612249142,40,34,34,40
40,BEL,Belgium,-0.26707848353472113,0.34457888344164583,0.611657366976367,0.043763749581987144,0.2998599687171859,0.6139250357022724,0.3140650669850865,-0.5456053505706544,0.2132631382591989,0.7588684888298532,0.5134526210649102,0.6842579462358523,0.17080532517094216,-0.20734613530343715,-0.16021029687080118,-0.8481815839007695,-0.7807676065920458,-0.009904516024715574,-0.00488935077399801,61.833333333333336,80.59259259259258,16.902,35.232,8.94429666461985,7.306615193517621,39,41,39,41
41,SVK,Slovak Republic,-0.2797606220144633,0.346751492653818,0.6265121146682813,0.026736392677900733,0.20774088768558363,0.5742473422091126,0.3665064545235289,-0.5343727403957372,0.22726581906916027,0.7616385594648976,0.5445732789134761,0.6783443189690302,0.13377104005555418,-0.2357409620922127,-0.19401116913978922,-0.8132748524607755,-0.7871098013782226,-0.01013110054608873,-0.0037487399414761497,58.050264550264544,73.61111111111111,24.739,24.051,6.526591488028095,5.5131168563144435,42,40,40,42
42,LAO,Lao PDR,-0.28566954317671206,0.3416872820875227,0.6273568252642348,0.0309558926482425,-0.6957003968902802,0.14741465119581337,0.8431150480860936,0.32526453405955624,0.6282539691697235,0.3029894351101673,0.7561572141865442,0.8233717488394503,0.06721453465290606,-0.8136496829799932,-0.7871882474940568,-0.2551363448812283,-0.198129364827485,-0.005073312219629879,-0.001816340982267039,13.333333333333334,23.89417989417989,68.772,76.716,2.297214480889741,3.3543509829508253,43,42,42,43
43,GEO,Georgia,-0.307691870049327,0.3273188704011826,0.6350107404505096,0.03767038914830767,-0.7513666207283118,0.11964587558240748,0.8710124963107193,0.4630121445924059,0.681728545669284,0.21871640107687806,0.7782773622456485,0.852317420805805,0.0740400585601565,-0.9023510494846362,-0.8704004973245524,-0.2102980193510083,-0.1354787963812585,-0.004171375546723096,-0.0020080580185918907,5.0,47.28042328042328,80.505,79.828,2.95779616660474,3.5324161092485333,46,43,43,46
44,ARM,Armenia,-0.3122700786079569,0.3169079328073889,0.6291780114153458,0.05391405577726527,-0.1780013020670066,0.38126270623261616,0.5592640082996228,-0.42838820462980454,0.261334501013201,0.6897227056430055,0.8462339558922518,0.9005345038317214,0.05430054793946959,-0.4098055952907083,-0.3481998681513641,-0.7366035169110673,-0.6423758612245192,-0.002734867871112038,-0.0014574172826383746,38.6005291005291,36.26719576719577,32.817,31.894,1.7962436921431675,2.470281852645459,44,44,44,44
45,GTM,Guatemala,-0.3166767973008929,0.3076575522130229,0.6243343495139158,0.06800809827306131,-0.6921193031893336,0.14611583592761154,0.8382351391169451,0.20918979249929293,0.5196582553580779,0.31046846285878493,0.8928802752929167,0.9243409074742233,0.03146063218130657,-0.8174107212195368,-0.7741702928942198,-0.3593034956041763,-0.20405101059211084,-0.002053741205539812,-0.000834455133785217,11.671957671957673,22.45767195767196,61.804,68.334,1.107877920628247,1.1066501528086026,41,45,41,45
46,VNM,Viet Nam,-0.3340106546548754,0.2995460781548486,0.633556732809724,0.0668971890354273,-0.40812948668183346,0.2805057282722677,0.6886352149541012,-0.30135954648630486,0.3008592347219086,0.6022187812082135,0.7212237841007013,0.7959194308082299,0.0746956467075286,-0.540233304558872,-0.4958764563505673,-0.6592952124329444,-0.5060085628184081,-0.005958506001948592,-0.002026546675238542,26.91005291005291,39.85185185185186,35.871,42.282,2.380902355685366,4.266056754681952,45,48,45,48
47,HND,Honduras,-0.35571502493400725,0.2957552075148023,0.6514702324488095,0.05277456003638825,-0.6600761099088971,0.1619030672962569,0.821979177205154,0.005014638204260624,0.44654253519625364,0.441527896991993,0.9006499607045143,0.9305718431100247,0.029921882405510414,-0.7738073491633133,-0.7334744532350512,-0.4425374556669206,-0.3197641677390438,-0.0018783636215347769,-0.0007930152394663235,14.428571428571429,22.75661375661376,48.065,55.449,1.033968029340082,1.1355197902621197,48,50,48,50
48,GHA,Ghana,-0.35848722246820497,0.3055545234248025,0.6640417458930075,0.030403730682190044,-0.5122050993948842,0.23135221308211765,0.7435573124770019,-0.24750642957650948,0.3588949270589148,0.6064013566354243,0.9378687744608435,0.9608633990881449,0.022994624627301397,-0.6221092298868832,-0.5783503890842184,-0.5624756495504778,-0.5118107129162737,-0.001042164108547895,-0.0006072684665209292,20.076719576719576,30.96296296296297,42.217,36.218,0.5463821564395668,0.702085843566409,51,46,46,51
49,SLE,Sierra Leone,-0.36114722083268525,0.28985260867180707,0.6509998295044923,0.05914756182370062,-0.7856514723894272,0.10340024987468587,0.8890517222641131,0.41426525473566467,0.6075714731631502,0.19330621842748552,0.9677698213500001,0.9809410495650789,0.013171228215078767,-0.964369691070467,-0.9344261373597177,-0.2735107165857204,-0.11791062032057234,-0.0005023235054724829,-0.0003461105737290657,3.888888888888889,13.592592592592592,61.905,95.238,0.14693293629380924,0.16915022896262008,47,52,47,52
50,MDG,Madagascar,-0.3642971584090627,0.2962734034826416,0.6605705618917043,0.043156034625654205,-0.5189213327136264,0.23210286096495977,0.7510241936785862,-0.2517525799086006,0.33813338569229573,0.5898859656008963,0.9663125417931864,0.9789382849660505,0.012625743172864135,-0.6207325285087818,-0.5909086776092041,-0.5951843874392658,-0.4892488316201947,-0.0005556746074886047,-0.0003316849794197025,23.611111111111114,9.468253968253968,48.421,42.387,0.12457111032234848,0.14649480512346083,50,49,49,50
51,AUS,Australia,-0.3656473652788799,0.3038803215601072,0.6695276868389871,0.02659199160090575,-0.08231803997942833,0.43270156049869435,0.5150196004781227,-0.539540475308503,0.22329349017215194,0.762833965480655,0.3143995080294959,0.6278901284883804,0.31349062045888454,-0.35601877917002045,-0.3075440974995789,-0.8229538552302061,-0.7898695331032592,-0.012148699766235777,-0.00981876518060159,37.92592592592592,67.9814814814815,16.164,35.077,16.8911897350521,14.098663961980836,52,47,47,52
52,ZWE,Zimbabwe,-0.377187054316794,0.2823129756863939,0.6595000300031879,0.05818699431041818,-0.6786772180766084,0.1546933410203407,0.8333705590969491,-0.01184697848238786,0.424934206038781,0.4367811845211689,0.9087139178423783,0.9330591671343418,0.024345249291963467,-0.7931670493964093,-0.7615783642881522,-0.4697632487457051,-0.31511849681810755,-0.0018086824626384458,-0.0006433804014033238,13.862433862433864,32.80952380952381,44.909,57.115,0.7718132251309461,0.7728214342674653,49,55,49,55
53,USA,United States,-0.388843153195715,0.2955811555315467,0.6844243087272617,0.0199945357411917,0.03371599398825226,0.4908326890193447,0.4571166950310924,-0.6063201081289158,0.19410876326798615,0.800428871396902,0.235490863906323,0.5309249818190661,0.2954341179127431,-0.3024463876345245,-0.25961098781063363,-0.8998378963769411,-0.8846046834736012,-0.016527557822014604,-0.009141045543311138,37.833333333333336,74.79629629629629,15.288,24.063,15.50454821892693,13.623862265279348,56,51,51,56
54,BGR,Bulgaria,-0.39764800962101293,0.2815110463624983,0.6791590559835112,0.03932989765399042,0.0668965412430913,0.5047127365693718,0.43781619532628047,-0.6295236840349125,0.17217716892243776,0.8017008529573503,0.5078365550292249,0.6476444254624684,0.1398078704332435,-0.2905950121038298,-0.24476412108252746,-0.9656485034501974,-0.8881143586925406,-0.011340075543681431,-0.0039313003847573245,53.902116402116405,65.07407407407408,15.81,29.922,6.836256130025809,5.3076021579710435,55,56,55,56
55,FRA,France,-0.40024677273756987,0.28640478868577185,0.6866515614233417,0.02694364989088638,-0.11637606487507923,0.4169515872501446,0.5333276521252238,-0.5771232044061181,0.20394620784396567,0.7810694122500837,0.6983875387723381,0.798590853492505,0.10020331472016697,-0.3717766902573754,-0.32389824667525696,-0.8727013973505655,-0.8337849744201786,-0.005871036155938062,-0.002756264229362867,38.5,88.07407407407406,17.715,27.176,5.017275316278507,4.00355772602595,57,53,53,57
56,KHM,Cambodia,-0.410312077213506,0.2656649623511009,0.6759770395646069,0.058357998084292206,-0.6681807883058412,0.15745719622374832,0.8256379845295895,-0.1278827449390867,0.3752153233242188,0.5030980682633055,0.9042943938124778,0.9329146990535184,0.028620305241040644,-0.785640892037899,-0.742300193507262,-0.53806568750231,-0.3838826927547888,-0.0018127245809241217,-0.0007580138972638091,12.841269841269844,16.50793650793651,47.628,35.659,0.668405454858677,1.1020703731506467,53,58,53,58
57,MRT,Mauritania,-0.41230923774378603,0.2840452496067303,0.6963544873505163,0.01960026304275342,-0.3557376510941945,0.3135881717029338,0.6693258227971283,-0.4822451095355945,0.24880506538828864,0.7310501749238831,0.8908773993745478,0.9192718573840458,0.028394458009498025,-0.49285246708698255,-0.4703053831040874,-0.7635719664634549,-0.7208370063740625,-0.0021972903609434125,-0.0007519453052197563,33.77513227513227,14.357142857142858,25.0,22.705,0.6422608993120783,0.969475151347498,58,54,54,58
58,BIH,Bosnia and Herzegovina,-0.4128444305070792,0.26519555500845005,0.6780399855155292,0.05676445947602071,-0.4544471199544478,0.26058257707786686,0.7150296970323147,-0.40633461467376814,0.2558784172863892,0.6622130319601574,0.6046023741873225,0.7485936170168832,0.14399124282956066,-0.5715443096121376,-0.533522328941028,-0.7481847259855579,-0.5957470275072562,-0.007558746116480085,-0.004058563319903667,14.02116402116402,35.833333333333336,31.677,40.349,6.7682636611600975,6.449357873722486,54,59,54,59
59,HUN,Hungary,-0.43727426424169186,0.2711419637077898,0.7084162279494817,0.020441808342728462,0.0779437170902062,0.5137986969130887,0.43585497982288246,-0.6769689992968719,0.15716724960705938,0.8341362489039313,0.674817949314802,0.783034067258754,0.10821611794395203,-0.2830122541380071,-0.2432840884106528,-1.0157159150872253,-0.9861540754957064,-0.006384574719149384,-0.0029897678941299896,49.50000000000001,72.31481481481481,10.194,31.474,4.9453188117939435,4.457917824235665,60,57,57,60
60,RWA,Rwanda,-0.44539268034419005,0.2539923799304568,0.6993850602746469,0.04662255979489627,-0.728302482270442,0.13117422796982417,0.8594767102402662,-0.09087065232696173,0.3972652705137511,0.48813592284071283,0.9694519763654138,0.9820051235718049,0.012553147206391113,-0.8632560015299451,-0.8339966565933903,-0.506720988937134,-0.3675986808719714,-0.0004740222203304716,-0.0003297657477493754,5.132275132275133,47.06349206349206,50.0,49.558,0.10156736413896825,0.16212879299764102,59,63,59,63
61,ARG,Argentina,-0.45356499155278657,0.25818731425222535,0.7117523058050119,0.030060379942762783,-0.44251022430655707,0.25743717458641036,0.6999473988929674,-0.4904230951960355,0.24499523772688586,0.7354183329229214,0.7240310049204107,0.8155522016188737,0.09152119669846293,-0.5767054537637774,-0.5116042926546914,-0.7720420701146691,-0.729825235038543,-0.00532240937673972,-0.0025055914952740632,18.769841269841272,49.62169312169313,21.396,34.385,4.4223010437306,4.010665316531308,61,62,61,62
62,POL,Poland,-0.4562212528433727,0.26095014880265016,0.7171714016460229,0.021878449551326895,-0.09999234484508918,0.4356581502954196,0.5356504951405088,-0.6488239401496565,0.1681066503089435,0.8169305904586,0.4715051221625318,0.643198216681903,0.1716930945193712,-0.35312474382186426,-0.32601890953721935,-0.978781241792989,-0.9319780007088225,-0.011519905043687391,-0.004917314105261901,37.04761904761905,62.88624338624339,13.741,31.147,8.341513676278907,7.5510856587171835,63,60,60,63
63,KGZ,Kyrgyz Republic,-0.4648277458989281,0.26021848438989065,0.7250462302888188,0.014735285321290537,-0.8883598289751807,0.05503708333430372,0.9433969123094844,0.6980332306656497,0.8171842519479441,0.11915102128229438,0.8498197636266829,0.8898847281585601,0.040064964531877245,-1.2323697182754065,-1.2204460000567017,-0.11081853869921912,-0.06963890783457757,-0.003045419290505493,-0.0010673976975389993,2.2222222222222223,17.06878306878307,86.54,88.776,1.577468310236622,1.4878422037068524,64,61,61,64
64,MWI,Malawi,-0.47217595093494,0.2418305170776677,0.7140064680126077,0.04416301490972463,-0.8882140201976565,0.054605602959481164,0.9428196231571376,0.6542293530378945,0.7164274508273423,0.06219809778944774,0.9561026311590944,0.9714554424659809,0.015352811306886482,-1.2357147047538548,-1.2161335039623116,-0.1830474577070064,-0.03524869654993391,-0.0007559783733332839,-0.00040388333446992133,2.055555555555556,38.03703703703704,93.953,95.628,0.2794152481706215,0.22141938000726474,62,65,62,65
65,CZE,Czechia,-0.48021549894313487,0.25089042709951004,0.7311059260426449,0.018003646857845057,0.18797326290352234,0.5632707149668559,0.37529745206333354,-0.7385371618916441,0.12859930983635454,0.8671364717279987,0.4166505154754463,0.6085649900495953,0.191914474574149,-0.24394324683405658,-0.19995009136700165,-1.125830973601051,-1.1079251578549791,-0.012964760149216386,-0.005562504819087031,56.664021164021165,77.7037037037037,11.451,16.893,10.392896986390358,7.1296653250225495,66,64,64,66
66,BOL,Bolivia,-0.4867573038798324,0.2398843385466846,0.726641642426517,0.033474019026798474,-0.6044024546355072,0.1836865164854131,0.7880889711209204,-0.4089281077700866,0.2773320769035693,0.6862601846736559,0.8286057245195944,0.8762579941233423,0.04765226960374791,-0.7201594266735775,-0.6594128043233535,-0.7039907227658179,-0.6362843296348974,-0.003448245084975106,-0.0012745455262260352,18.32539682539683,22.425925925925927,20.753,33.999,1.9106137556104554,2.2907337806218564,65,66,65,66
67,MAR,Morocco,-0.5024570330553302,0.23815564857514107,0.7406126816304712,0.02123166979438773,-0.350293120764324,0.30817618911908334,0.6584693098834073,-0.6199041291782593,0.18305581460805467,0.802959943786314,0.8599528342685581,0.9065540778807991,0.04660124361224105,-0.5002511135989575,-0.45657643668251574,-0.9320187644054847,-0.8916107076806842,-0.002560955451782569,-0.0012457522526812294,32.1957671957672,41.17195767195767,16.489,24.41,1.7420039375324945,1.839252693187786,69,67,67,69
68,BDI,Burundi,-0.5137820292597883,0.22665164552665543,0.7404336747864437,0.03291467968690087,-0.8786573992267575,0.059643392509638696,0.9383007917363961,0.33504260681507825,0.5941818653779313,0.259139258562853,0.974016548597027,0.985251778806639,0.011235230209611924,-1.1982104891137522,-1.183808476273943,-0.2857426925512735,-0.1646395960009544,-0.00038785974634829176,-0.00029494826692448844,3.346560846560847,10.48941798941799,88.889,75.51,0.04323164894797797,0.06895748554256166,68,68,68,68
69,VEN,"Venezuela, RB",-0.5179746604033526,0.2214741388221567,0.7394487992255093,0.03907706195233396,-0.8643038529024377,0.06657112926890474,0.9308749821713425,0.21792472023553022,0.532223876379691,0.3142991561441608,0.6026428529278993,0.688275783612683,0.08563293068478373,-1.151509131342649,-1.1355099980492012,-0.3461886353274127,-0.20710894765679397,-0.009751684396494672,-0.002336943317104481,2.857142857142857,10.634920634920636,53.925,91.139,5.296082783045546,3.3941051575743506,67,71,67,71
70,PAK,Pakistan,-0.5219227963215527,0.2260342921695046,0.7479570884910572,0.0260086193394381,-0.6428627382415464,0.16800188994862464,0.810864628190171,-0.43903739658550783,0.2657456064290687,0.7047830030145765,0.9142802260582147,0.9419722112228784,0.027691985164663757,-0.758092240465047,-0.7077358814609261,-0.7274158111303405,-0.6696869621068001,-0.001560504361799826,-0.0007330786339762918,15.743386243386244,23.03174603174603,29.17,37.197,0.8939702511145362,0.8118318091749611,70,69,69,70
71,KEN,Kenya,-0.5229228024797237,0.22560903578333563,0.7485318382630592,0.025859125953605178,-0.9095041804267893,0.04433410600318353,0.9538382864299728,0.6173597591154617,0.7416780367185558,0.12431827760309411,0.9581248439795126,0.9757127391812912,0.017587895201778614,-1.3242754832590462,-1.307107304425779,-0.16403439574553585,-0.0728683807155869,-0.000641828924622734,-0.0004632058058990837,0.5555555555555556,42.92592592592593,89.256,91.478,0.38436685307073143,0.38344092060835955,71,70,70,71
72,RUS,Russian Federation,-0.5424130241337208,0.21681173324737057,0.7592247573810914,0.023963509371538017,-0.42501922328431563,0.25916052063114925,0.6841797439154649,-0.6347933636687351,0.18016844817183342,0.8149618118405685,0.31998600614585115,0.5824380040573747,0.2624519979115235,-0.5738699359294234,-0.4898381383070704,-0.9407457112317221,-0.9261064559923611,-0.01411024357524431,-0.007946789578062614,25.22222222222222,29.5925925925926,17.02,18.098,11.961746699282958,13.984541118942534,72,72,72,72
73,JOR,Jordan,-0.5518557478416392,0.2116396224135467,0.7634953702551859,0.024865007331267397,-0.23159870080878292,0.3505371546480924,0.5821358554568753,-0.7236530183672306,0.13385146312006202,0.8575044814872926,0.8212514515245176,0.8746120290772313,0.05336057755271373,-0.4455142512125834,-0.370847551805906,-1.1038587681890808,-1.0695084593761288,-0.00349732564390938,-0.0014314839717145587,31.992063492063487,37.81746031746032,4.372,24.081,2.521924290804045,2.0898692239058048,73,73,73,73
74,DOM,Dominican Republic,-0.5669932491477108,0.20542082527951516,0.7724140744272259,0.02216510029325902,-0.38320530091685,0.2873986507279077,0.6706039516447577,-0.6923144591451851,0.14789532491659527,0.8402097840617804,0.8072293332203245,0.8683122645592148,0.06108293133889031,-0.5299161426078239,-0.47195125406004557,-1.0490924214594008,-1.006630855635862,-0.003686033662613769,-0.0016453073785793826,27.6904761904762,31.24867724867725,11.076,18.851,2.357159171789985,2.9947345701272807,75,75,75,75
75,THA,Thailand,-0.5749708167883597,0.20407901883603072,0.7790498356243905,0.016871145539578802,-0.324484102588898,0.31564774708384463,0.6401318496727426,-0.7223684811150307,0.13606763164835436,0.858436112763385,0.7606328039324822,0.8470682233712814,0.08643541943879918,-0.49007034309230046,-0.43434928240677295,-1.0948450274457706,-1.073108957358365,-0.004332642363978706,-0.002359863691173742,32.56613756613757,49.5925925925926,8.937,14.841,3.9199043644481226,3.960052693523195,77,76,76,77
76,IND,India,-0.5766720965662893,0.20674074375135365,0.7834128403176429,0.009846415931003438,-0.5222128804465522,0.230138487022923,0.7523513674694753,-0.6407285982042769,0.17731502059714818,0.8180436188014251,0.8638901153273755,0.9108887829014666,0.0469986675740911,-0.6243447030931193,-0.5931801710537962,-0.9495085786906038,-0.9353254202576455,-0.0024364345442132868,-0.0012566361058962642,12.45925925925926,67.78518518518518,14.438,19.808,1.7202923565218957,2.173651735357874,79,74,74,79
77,TGO,Togo,-0.5813079014922693,0.19033907014600698,0.7716469716382762,0.03801395821571674,-0.6221443092944097,0.18190878876455832,0.804053098058968,-0.5777418664224244,0.1824329066086121,0.7601747730310365,0.9553584649614117,0.9710867542007331,0.015728289239321347,-0.7242925541667878,-0.6926993661828861,-0.9338897759973382,-0.7837492716620559,-0.0007658874121466771,-0.0004138396640894141,11.11111111111111,30.58730158730159,21.277,29.577,0.29550538517215386,0.3125654994588749,74,78,74,78
78,PHL,Philippines,-0.5844317718334581,0.2019976671701923,0.7864294390036504,0.011572893826157338,-0.6584745253779595,0.16369819910489117,0.8221727244828506,-0.5499581392240537,0.22095911961344564,0.7709172588374993,0.9029106167186195,0.9385475898581059,0.03563697313948644,-0.7691210997175215,-0.7339367631476381,-0.8287224487201448,-0.8089039808989653,-0.0016555818723667955,-0.0009472603987611104,13.981481481481485,39.34126984126984,24.21,20.472,1.1364255671524544,1.5030109111702001,80,77,77,80
79,LKA,Sri Lanka,-0.591795397063047,0.18597534834409962,0.7777707454071466,0.0362539062487538,-0.8196182895837738,0.08766457119233344,0.9072828607761072,-0.284019688561524,0.30830570756722026,0.5923253961287442,0.90531934281325,0.9357018288898005,0.030382486076550475,-1.034531423106599,-1.0107167824558951,-0.6458748739125345,-0.4925235563461488,-0.0017348528178560336,-0.0008054128071032126,5.03968253968254,41.089947089947096,32.984,55.243,1.107360082983639,1.0647335280160615,76,79,76,79
80,MKD,North Macedonia,-0.596613568375264,0.1828911233095933,0.7795046916848574,0.037604185005549295,-0.7396668829088953,0.1255991607636589,0.8652660436725541,-0.469197773738143,0.22893840705331428,0.6981361807914572,0.6462458607367517,0.7388552094903721,0.09260934875362037,-0.8817137658690779,-0.8518765365350058,-0.8092499279144837,-0.6574654479433026,-0.007900564005254683,-0.0025368773256427336,7.492063492063492,39.383597883597886,36.767,39.461,3.997717059055884,3.999925453268792,78,82,78,82
81,MLI,Mali,-0.6067831255456557,0.17985398487527365,0.7866371104209294,0.03350890470379697,-0.8170497315485383,0.08838497600082369,0.9054347075493621,-0.33983315418085497,0.28764344575886486,0.6274765999397198,0.9613697902800183,0.9771158463383128,0.01574605605829449,-1.0310532206354204,-1.0023286403740845,-0.6839524148006063,-0.5420179047464242,-0.0006043169900846366,-0.0004143108705856002,6.240740740740741,24.66137566137566,51.987,19.463,0.23862388816092553,0.3027992415414365,81,84,81,84
82,SDN,Sudan,-0.611051802426751,0.18441397009281013,0.7954657725195611,0.020120257387628793,-0.9178399128984492,0.04044660224216168,0.9582865151406109,0.2018623293716637,0.5517113005022182,0.34984897113055446,0.9484695921580768,0.9681542892557019,0.019684697097625103,-1.36327769003085,-1.350170166237979,-0.32644968503589844,-0.23633079883183133,-0.0008448359401201618,-0.0005189808920357234,0.8333333333333334,10.912698412698411,56.211,79.689,0.5801348195482431,0.4334638156982533,82,81,81,82
83,MYS,Malaysia,-0.6147263378728571,0.185641827734298,0.8003681656071551,0.013990006658546994,-0.6028858277445248,0.18865732284581468,0.7915431505903395,-0.647800423805982,0.17187322198480381,0.8196736457907858,0.559756725195756,0.7219067291125125,0.1621500039167565,-0.7088114294733867,-0.6663973135471968,-0.9666183476177301,-0.94026484322388,-0.008506341982058917,-0.004618280104908373,8.119047619047619,27.955026455026456,13.463,20.366,7.785044111006448,8.323216201465153,83,80,80,83
84,NLD,Netherlands,-0.6223947833570318,0.18155987788411657,0.8039546612411483,0.014485460874735123,-0.7449993044614414,0.12482987044426727,0.8698291749057087,-0.5207851872533855,0.22779975991347323,0.7485849471668587,0.5097076926462006,0.6854736467994735,0.1757659541532729,-0.8843248309976459,-0.8665194287831492,-0.8119867646061878,-0.7578439094269657,-0.009858178382704658,-0.005045988093673866,4.666666666666667,82.61111111111111,12.969,50.74,10.02880510600098,6.601883959666512,84,83,83,84
85,PNG,Papua New Guinea,-0.6243903571880034,0.17976445892905793,0.8041548161170613,0.0160807249538808,-0.7601950172196025,0.11598846476416591,0.8761834819837684,-0.5081619719603796,0.2331000232346746,0.7412619951950542,0.9339054547521973,0.9550330918624871,0.021127637110289754,-0.9155451803419921,-0.8877889396556895,-0.7993616241904873,-0.7420844378196241,-0.0012010419789188762,-0.0005574325426901992,7.53968253968254,24.58730158730159,29.769,23.679,0.7388092327832677,0.5169667627349761,85,85,85,85
86,EGY,"Egypt, Arab Rep.",-0.6280022606468832,0.17768318814262785,0.8056854487895111,0.01663136306786106,-0.31125657948300783,0.31521045468131353,0.6264670341643214,-0.7857231387688346,0.10560359976159762,0.8913267385304322,0.8304899179384363,0.887220149818692,0.05673023188025572,-0.49065952715744326,-0.4185104481523924,-1.2339699285656311,-1.2182420161681424,-0.0031237006628417664,-0.0015245706526652912,29.465608465608465,44.18783068783069,8.412,11.197,2.460760601826035,2.5025138096709836,87,86,86,87
87,JAM,Jamaica,-0.6288236866359725,0.17637969393702482,0.8052033805729973,0.018416925489977864,-0.48031821461001917,0.23825294351639664,0.7185711581264158,-0.7337869026745537,0.13025412981369366,0.8640410324882474,0.7117764703979503,0.7740591217735404,0.06228265137559008,-0.6096180284183437,-0.5388369987825412,-1.1188127231814455,-1.0952835591670391,-0.0066855041714386125,-0.001678684045533745,18.65608465608465,32.94444444444444,12.249,12.602,2.7137475688766384,2.8437838456593907,86,88,86,88
88,TZA,Tanzania,-0.6348855812114347,0.17090719186853975,0.8057927730799744,0.023300035051485812,-0.834442918063403,0.08055117355166769,0.9149940916150707,-0.37749421519215265,0.281659171757339,0.6591533869494917,0.9599084075750983,0.9755706418573394,0.015662234282241116,-1.0704964393395298,-1.0476199338438235,-0.6954925371956048,-0.5907974883251822,-0.0006456308905905628,-0.0004120878479854692,2.5,22.4973544973545,36.217,32.919,0.2626467112364884,0.311205530057348,88,89,88,89
89,JPN,Japan,-0.6362160150844755,0.17767420372558193,0.8138902188100574,0.008435577464360633,-0.6744946691384803,0.15613225418792745,0.8306269233264078,-0.6300031720345529,0.18341924857540717,0.8134224206099601,0.564917724809904,0.74622460139679,0.18130687658688605,-0.7892321678783614,-0.7546376475232276,-0.9309300665738919,-0.9215588431047692,-0.007641487461513967,-0.005222067301809223,6.857142857142857,63.537037037037045,14.268,22.935,9.668652617331361,7.842420572389334,89,87,87,89
90,MEX,Mexico,-0.6465731627805036,0.17027470063870562,0.8168478634192092,0.012877435942085125,-0.7039954310203002,0.14261968490166735,0.8466151159219675,-0.624300779297516,0.18107566144739792,0.805376440744914,0.7532935702940718,0.8368230607025977,0.08352949040852586,-0.8277032464610683,-0.7967770875195315,-0.9379887182253724,-0.8983840755617978,-0.0046502952746571265,-0.00227696100124544,7.5,74.96296296296296,15.29,21.116,4.06104469144067,3.637386803847536,90,90,90,90
91,MMR,Myanmar,-0.6551329588962764,0.16277909816953715,0.8179120570658136,0.019308844764649225,-0.9141386597631771,0.04227698988075242,0.9564156496439296,-0.06637165979391957,0.4250834085671569,0.49145506836107644,0.928909102415988,0.9505720231029104,0.021662920686922438,-1.3444674072799543,-1.3315241972464944,-0.46957055199542913,-0.37116959716532705,-0.0013232640029743647,-0.0005717112633749107,0.0,14.962962962962962,55.188,47.858,0.4462625381352259,0.5754632593182276,91,91,91,91
92,IRN,"Iran, Islamic Rep.",-0.6690140087137152,0.15556794522349537,0.8245819539372106,0.01985010083929406,0.05023899257446668,0.4839594949684702,0.4337205023940035,-0.8742503197358156,0.05998024580709539,0.934230565542911,0.5682582017732308,0.742821202893778,0.17456300112054712,-0.30843966682221824,-0.24167913932705645,-1.5444722121408094,-1.4938962627039878,-0.00776081705837403,-0.005007917112686969,57.31481481481482,38.333333333333336,5.452,5.318,7.66363471449536,9.053293420877122,92,92,92,92
93,MDA,Moldova,-0.6790168418508609,0.15495593351531944,0.8339727753661803,0.011071291118500248,-0.2278681123706195,0.3644261409866531,0.5922942533572726,-0.8499165705027412,0.07376796247891448,0.9236845329816556,0.7597989329449475,0.8347423299396503,0.07494339699470276,-0.42900025471351616,-0.3813068859737761,-1.4308989640614285,-1.4122630772319946,-0.004715283609988617,-0.00203353704878763,31.111111111111114,24.746031746031747,4.103,10.708,3.004937952743771,3.4167587309859777,93,93,93,93
94,YEM,"Yemen, Rep.",-0.6959635506237819,0.14495681543999958,0.8409203660637815,0.01412281849621888,-0.5694057574729571,0.20475284104865163,0.7741585985216087,-0.7874502812501982,0.10133920924473096,0.8887894904949292,0.9572476760375924,0.9732643748961827,0.01601669885859025,-0.6740167673072355,-0.6323550608526635,-1.2565952230812623,-1.205573809089323,-0.000707415083330931,-0.0004214898334409234,22.5,16.944444444444446,3.326,11.238,0.33104726679520796,0.2607066319422507,94,96,94,96
95,CHN,China,-0.6991559146695564,0.14797908185217315,0.8471349965217295,0.004885921626097356,-0.8773039602043816,0.060209351286329135,0.9375133114907107,-0.44320490862776984,0.27471398478610465,0.7179188934138745,0.5785208047100552,0.7563263734221962,0.17780556871214104,-1.1941967347467448,-1.1784185359590986,-0.7091971402787577,-0.6946708764858631,-0.007290479018462145,-0.005110664834538281,0.0,58.41005291005291,24.829,33.696,7.763224839493007,9.315089337993932,97,94,94,97
96,KOR,"Korea, Rep.",-0.7004266632683922,0.14608599185676674,0.8465126551251589,0.007401353018074319,-0.25743119591538133,0.3548309724971691,0.6122621684125504,-0.8616914046812811,0.06885265445024452,0.9305440591315256,0.3239172299652848,0.5744491219117993,0.2505318919465145,-0.4403400430778325,-0.402648405303007,-1.4687490260344462,-1.463960484476674,-0.014470776224978372,-0.007528269385992598,25.14814814814815,61.24074074074074,3.232,9.709,12.667778819017286,11.362256989300606,95,95,95,95
97,KAZ,Kazakhstan,-0.7028344161750162,0.14422991526542478,0.8470643314404409,0.008705753294134366,-0.6510910307308014,0.167282031290267,0.8183730620210684,-0.7560139838430733,0.1198872477196316,0.8759012315627048,0.3823495784083908,0.6292307570981236,0.2468811786897328,-0.7599171692337243,-0.7249515504778031,-1.1643364266844742,-1.1453849404988468,-0.012093022964880257,-0.007401421965044666,16.055555555555554,24.92328042328042,12.66,15.214,11.769201028120847,12.567818753666067,96,97,96,97
98,CMR,Cameroon,-0.7119100333562609,0.13907472520151679,0.8509847585577777,0.009940516240705577,-0.9596196304510084,0.0199919604659089,0.9796115909169173,0.20460525726279588,0.5690998169096975,0.3644945596469016,0.960427661056526,0.978105846216369,0.017678185159842985,-1.6627493292727522,-1.6544040414962926,-0.309416687815107,-0.24883704014148272,-0.0005778818362440271,-0.0004656050717877546,0.0,13.854497354497354,61.603,73.14,0.41363236143897875,0.35341953287324596,99,98,98,99
99,ISR,Israel,-0.7122818291525878,0.13761787730536176,0.8498997064579495,0.012482416236688665,-0.24377936022165625,0.3472659797892108,0.5910453400108671,-0.874303189956085,0.062103180996942835,0.9364063709530278,0.5802197567651564,0.7249838107567617,0.1447640539916053,-0.44949885157202213,-0.38000701008161253,-1.5253802777085015,-1.5123624334624033,-0.008395310364199873,-0.004082141157376315,36.86507936507937,35.920634920634924,2.537,13.806,7.904528434355253,5.765271640239147,98,99,98,99
100,GIN,Guinea,-0.7165970752980306,0.1358058000827818,0.8524028753808124,0.011791324536405856,-0.9638739593417218,0.017943474710643757,0.9818174340523655,0.2752423370554665,0.5928512106851339,0.3176088736296674,0.9508608744749742,0.9674625293510277,0.016601654876053473,-1.7086925333567868,-1.7030670430819614,-0.2869733264113876,-0.20976479193189873,-0.0008634945243946591,-0.00043701289147306526,0.0,9.563492063492063,68.323,75.186,0.2674970574909529,0.352794025802477,101,101,101,101
101,NGA,Nigeria,-0.7169947824535412,0.13602401679960952,0.8530187992531507,0.010957183947239768,-0.8592093440491873,0.06825776421695241,0.9274671082661397,-0.5565578364504032,0.2113864495830934,0.7679442860334966,0.9404076318343416,0.9618703230112363,0.0214626911768947,-1.1408757466876647,-1.115057929690581,-0.8530332452931323,-0.8018262875516904,-0.0010148227414175565,-0.0005663692151059539,2.777777777777778,32.41534391534391,22.469,25.0,0.6317911500856769,0.5669176376611951,102,100,100,102
102,LBN,Lebanon,-0.7276516626521637,0.12390288774148349,0.8515545503936472,0.02454256186486925,-0.5134940395271959,0.23029356544861818,0.7437876049758141,-0.8401735467369515,0.07063925984782089,0.9108128065847725,0.6175076781167703,0.6946466237292385,0.07713894561246815,-0.6240584194101452,-0.5787322149090744,-1.4546875961455599,-1.3267099487669844,-0.009511168029174977,-0.002095567268351219,14.060846560846562,33.38095238095238,2.215,43.82,4.406995979794593,1.8953103723379519,100,103,100,103
103,ZAF,South Africa,-0.7394969933351705,0.12738948284938387,0.8668864761845544,0.005724040966061716,-0.5054692699719526,0.23952222385306665,0.7449914938250193,-0.8544997352161543,0.07179374210196517,0.9262934773181195,0.5972584619397935,0.7544018637543916,0.15714340181459807,-0.6073599150325084,-0.5807338704255348,-1.4457891889794567,-1.431356324965507,-0.0073569874423681635,-0.004462756924523243,13.970899470899472,54.01851851851852,3.232,12.512,8.037015519035418,6.876849626277124,103,102,102,103
104,TUN,Tunisia,-0.7466701001401942,0.12262373454831177,0.869293834688506,0.008082430763182269,-0.043973291549493476,0.4462691696512242,0.4902424612007177,-0.9174881731282514,0.0410249234946325,0.9585130966228839,0.8392085700950217,0.8992610438637251,0.060052473768703374,-0.34289756116056447,-0.28636813964639823,-1.7529653111273,-1.746818674658511,-0.002771808549563417,-0.0016166736867979144,43.238095238095234,43.57936507936508,3.209,4.399,2.5902198292709118,2.621130104815393,104,104,104,104
105,SEN,Senegal,-0.748222104106179,0.12150755642247885,0.8697296605286577,0.008762783048863465,-0.8211737980085563,0.08687737353465477,0.908051171543211,-0.7021209224255852,0.14285553147489916,0.8449764539004844,0.9276987029053325,0.9517668705913854,0.02406816768605291,-1.0383649425645805,-1.0142531981061544,-1.0681234107457538,-1.0232542873258796,-0.001290472047486604,-0.0006359679382739828,5.870370370370371,27.62962962962963,8.996,19.79,0.6848971111217976,0.7676095709519584,105,106,105,106
106,IDN,Indonesia,-0.7513568537886891,0.12176027957749601,0.8731171333661851,0.00512258705631885,-0.8602401219796441,0.06823847331864741,0.9284785952982915,-0.6468252870753911,0.1734049139232,0.8202302009985911,0.8369538284724194,0.8929076565377378,0.055953828065318456,-1.1409958742097304,-1.1210262481129338,-0.9617483210994444,-0.9419615869173701,-0.0029568934264144146,-0.0015030930527479124,4.166666666666667,46.66666666666667,15.368,18.09,1.916265910133318,2.865039781887575,106,105,105,106
107,ARE,United Arab Emirates,-0.7689543738311111,0.11152892623679178,0.8804833000679029,0.007987773695305345,0.0012539001205544298,0.47164679222656075,0.4703928921060063,-0.9308040670120709,0.03420240820827474,0.9650064752203455,0.02939746022557793,0.44260125794947597,0.41320379772389804,-0.3193920637778242,-0.2701333489014332,-1.852801949568679,-1.8402501797888087,-0.021277280248457955,-0.013915640298475777,44.56878306878308,53.88888888888889,0.247,8.812,23.774845147141694,18.25520643704944,107,107,107,107
108,SGP,Singapore,-0.7776998953359217,0.10701111734681677,0.8847110126827384,0.008277869970444773,-0.29743321098728726,0.3258638243079274,0.6232970352952146,-0.9163340670754546,0.0416236162705221,0.9579576833459768,0.3997937045935125,0.6013401923279719,0.20154648773445938,-0.4765331964153938,-0.414918958852928,-1.7450128316264717,-1.7395188847573708,-0.013276521438101981,-0.005875525951991969,30.79100529100529,45.04761904761905,2.908,4.932,9.44707088976961,9.751443631291764,109,108,108,109
109,LBR,Liberia,-0.7833946154334583,0.10081176454809931,0.8842063799815576,0.014981855470343142,-0.8496272838751546,0.0729415064018046,0.9225687902769593,-0.740863279124658,0.11632774576550506,0.8571910248901631,0.9506399159854059,0.9642865892191321,0.013646673233726259,-1.1126704522859885,-1.0872847931229046,-1.1808804365116117,-1.0683023266363088,-0.0009493295708597749,-0.0003586904339082918,0.0,14.46825396825397,0.0,54.386,0.29127716161634853,0.1544857065534116,108,109,108,109
110,CIV,Cote d'Ivoire,-0.7950984216920381,0.09712468555846268,0.8922231072505008,0.010652207191036545,-0.9416495486678208,0.02869290143525387,0.9703424501030746,-0.512627994967743,0.22384802800374604,0.7364760229714891,0.9432120922266599,0.9633048902576277,0.02009279803096775,-1.5091914177210348,-1.4951382195353264,-0.821592371253753,-0.7320239266468112,-0.0009759188180841752,-0.0005298502750899527,0.0,28.40740740740741,16.422,28.916,0.4387749546401697,0.5890544409556767,110,112,110,112
111,BLR,Belarus,-0.7970965488501744,0.09794572674977337,0.8950422755999478,0.007011997650278823,-0.29182245739595947,0.3298055400352863,0.6216279974312457,-0.9301233757285594,0.034704211749383436,0.9648275874779428,0.629176474205818,0.7615343249442975,0.1323578507384795,-0.47142324954330994,-0.4130401284955713,-1.8448071683986818,-1.8374513188438397,-0.007111344454022479,-0.003706187321721889,36.76984126984127,22.47354497354497,1.281,3.077,6.23725167194174,5.936494299724647,111,110,110,111
112,AZE,Azerbaijan,-0.7984046473869181,0.0979097746888432,0.8963144220757613,0.005775803235395505,-0.7550215325391966,0.11847436528645787,0.8734958978256544,-0.8435481983905581,0.07632089633094927,0.9198690947215074,0.7447896869992061,0.8272068473399316,0.08241716034072544,-0.9065328570626756,-0.8786626787706585,-1.4122240279577356,-1.3854842725320986,-0.004952005805183526,-0.0022452970989532283,4.166666666666667,11.283068783068783,8.41,11.746,3.5269689557454074,3.8114425115384654,112,111,111,112
113,UZB,Uzbekistan,-0.8047908283180965,0.09425062355728805,0.8990414518753845,0.0067079245673273835,-0.8453521654337718,0.0754320303901489,0.9207841958239207,-0.7893237790966083,0.10099733773422848,0.8903211168308368,0.744523192105385,0.8273962126370531,0.08287302053166812,-1.0984017059411295,-1.077600967673279,-1.2584501000930723,-1.2131860242188632,-0.004946030649254286,-0.002258269099629248,2.857142857142857,16.20899470899471,11.685,15.951,3.644218453008525,4.085016665402064,114,113,113,114
114,HTI,Haiti,-0.8066676157267973,0.09169674306065138,0.8983643587874487,0.009938898151899966,-0.8946830738509634,0.05175350030086461,0.9464365741518279,-0.7226247549908656,0.12756549244268897,0.8501902474335546,0.9651523051460916,0.9812619240826839,0.01610961893659224,-1.2585131568714598,-1.2439043065162412,-1.1302614748696203,-1.0420327444514046,-0.0004937859414393302,-0.0004239550496764569,0.0,5.648148148148148,6.481,18.605,0.3352869247376436,0.2984738149919342,113,115,113,115
115,COG,"Congo, Rep.",-0.8076276076806566,0.09274195126678057,0.9003695589474371,0.006888489785782381,-0.9576213471905946,0.021083861775775387,0.9787052089663699,-0.44275820623720785,0.2619055621701908,0.7046637684073986,0.8788463816902818,0.9128690261389575,0.03402264444867564,-1.640149238010024,-1.6359186181000702,-0.735405375902823,-0.6694653112512763,-0.00237974614206169,-0.0009035986786460643,0.0,3.055555555555556,38.721,20.879,1.0704378102898668,1.335362715797555,115,114,114,115
116,MDV,Maldives,-0.8158024664635946,0.08922495967465588,0.9050274261382504,0.005747614187093686,-0.6556055087191043,0.16296879121674124,0.8185742999358455,-0.8976519190105476,0.0507143105110923,0.94836622952164,0.6339297936501725,0.7085654606573849,0.07463566700721236,-0.77101901433556,-0.7254226915878623,-1.6365821680243797,-1.6267195790612172,-0.00899327919725631,-0.0020248546053933288,15.383597883597885,18.185185185185183,1.493,7.059,3.9117272866720203,3.5665092203660866,116,116,116,116
117,BFA,Burkina Faso,-0.8345043740560393,0.08103608447154172,0.915540458527581,0.003423457000877206,-0.9411245078306996,0.02910351254383911,0.9702280203745387,-0.6724428051096208,0.15908313931573545,0.8315259444253563,0.9605349694132547,0.9756720158477005,0.0151370464344458,-1.5031526565637283,-1.4935015995248542,-1.009065161178607,-0.9775828951574342,-0.000642918464386994,-0.0003981637406019901,0.3703703703703703,25.75925925925926,16.162,17.16,0.20333226169359628,0.2749908795703692,117,117,117,117
118,NER,Niger,-0.8486491203065325,0.07382759997293828,0.9224767202794708,0.0036956797475908854,-0.6119674211479836,0.18460896841767016,0.7965763895656538,-0.9353507995958568,0.03210457929139567,0.9674553788872524,0.9709289730039089,0.9830593937205702,0.012130420716661261,-0.7180305083348706,-0.6767847582792389,-1.8875461136648284,-1.8800736530997253,-0.00044601191721512905,-0.00031859285926082143,16.492063492063494,16.425925925925924,1.429,3.158,0.10477742821351488,0.11890170954778286,118,118,118,118
119,TCD,Chad,-0.8504318351926374,0.07314101045157345,0.9235728456442108,0.003286143904215666,-0.8473549977850342,0.07295543999977541,0.9203104377848096,-0.8697119958748392,0.06477184280969198,0.9344838386845311,0.9685698669423035,0.9813687052279075,0.01279883828560402,-1.1125892762538552,-1.0750668308483724,-1.5022858293791472,-1.4960141299109837,-0.0004909454160636925,-0.000336261693184082,0.0,32.092592592592595,6.452,5.405,0.11185832557871815,0.14250861970736373,119,119,119,119
120,SOM,"Somalia, Fed. Rep.",-0.8536909992434095,0.07139532404255873,0.9250863232859683,0.003518352671472935,-0.9017825599270853,0.0484545096528902,0.9502370695799756,-0.8239853240313408,0.08506162358268193,0.9090469476140228,0.9771965960495799,0.9881908827678886,0.01099428671830871,-1.2865059583606622,-1.275182078433961,-1.3527068391875787,-1.3159481391382213,-0.0003101038329126938,-0.0002885879027746513,3.333333333333333,3.8333333333333335,2.778,20.93,0.05838840204784531,0.04551492068214935,120,120,120,120
121,MNG,Mongolia,-0.8646950233212061,0.06607055646138564,0.9307655797825917,0.0031638637560227334,-0.9100952163934559,0.04422829257965673,0.9543235089731127,-0.8342691041501861,0.08092780808048484,0.9151969122306709,0.48779199584168487,0.6390538226670238,0.15126182682533895,-1.3252910356827707,-1.3115981939407735,-1.3800523845956933,-1.354377714377851,-0.01168865039697334,-0.004281229717581823,0.0,9.77777777777778,4.409,8.844,6.1889579831497485,7.846656309542588,121,121,121,121
122,OMN,Oman,-0.8741852170039925,0.06053271406787382,0.9347179310718664,0.004749354860259736,-0.4946886395017588,0.23427492813259584,0.7289635676343547,-0.9612657473576125,0.019257449618018507,0.9805231969756311,0.09346109079767645,0.47005497329590146,0.376593882498225,-0.6167738587229225,-0.5548279111876366,-2.1680911617347105,-2.161874174528006,-0.01970631123401886,-0.012335789973558829,15.11904761904762,35.351851851851855,0.0,4.888,18.36261867503918,18.651991143488885,122,123,122,123
123,DZA,Algeria,-0.8750408376189708,0.06104400958334565,0.9360848472023164,0.002871143214337901,-0.5037778115363941,0.23566880767551612,0.7394466192119102,-0.9620921817292064,0.018931435731444048,0.9810236174606505,0.7540348095815442,0.8434554046237246,0.08942059504218036,-0.6142527510305408,-0.571591929390579,-2.177463237617465,-2.176161581102765,-0.00444421771472772,-0.0024453022327925278,22.73015873015873,19.33862433862434,0.479,1.069,3.934956252057338,3.9808000579651845,123,122,122,123
124,ERI,Eritrea,-0.8788021164565487,0.05888103689288655,0.9376831533494353,0.003435809757678099,-0.9205570650416302,0.03923907802985029,0.9597961430714804,-0.8527535087247609,0.07052041853359681,0.9232739272583577,0.9682650543575471,0.9823304287014338,0.014065374343886772,-1.3761589858403938,-1.3658360171004016,-1.4556118324359617,-1.4093176869942012,-0.0004653761670109378,-0.0003697739222277366,2.055555555555556,7.425925925925926,0.0,11.111,0.1911224700755081,0.22004732997454748,124,124,124,124
125,QAT,Qatar,-0.8882500219308468,0.05432632962148749,0.9425763515523343,0.0030973188261781415,-0.5033801695254103,0.23542761012283403,0.7388077796482444,-0.965322191155753,0.017261981378404342,0.9825841725341573,-0.8434628598079674,0.06866261878121435,0.9121254785891818,-0.6146879359904376,-0.5705511852610246,-2.2281365595649207,-2.2232661690404405,-0.06992178226879851,-0.06348171233954804,15.96031746031746,24.32010582010582,0.306,4.023,46.04335773135904,47.332164144582826,125,125,125,125
126,BGD,Bangladesh,-0.8985790549518015,0.049725385803893345,0.9483044407556948,0.0019701734404119486,-0.7991855922414698,0.09606909899672297,0.8952546912381928,-0.9480430828448447,0.025937399675197544,0.9739804825200423,0.9400861044451814,0.9630815181025294,0.02299541365734803,-0.995623459897169,-0.9588769270685807,-2.004634263002706,-2.0028991792342166,-0.0009819726213276376,-0.0006072895484058861,2.5,26.78571428571429,1.795,1.887,0.5844846139899619,0.7155393435410917,126,126,126,126
127,BEN,Benin,-0.9018931874536659,0.04825224001210245,0.9501454274657684,0.0016023325221291573,-0.7362309002835861,0.12785217046855452,0.8640830707521405,-0.9604054527724247,0.019689039953256476,0.9800944927256812,0.9327329910346608,0.953971943712703,0.02123895267804221,-0.8741577881230385,-0.8481613650810728,-2.1559251760989744,-2.1499232945887394,-0.0012300629314478029,-0.0005604012488165998,10.31746031746032,15.317460317460316,0.0,3.96,0.6109930361514543,0.4873286664393236,127,127,127,127
128,KWT,Kuwait,-0.9120403128079193,0.043162208001072275,0.9552025208089916,0.001635271189936116,-0.69406201899884,0.14806363106540027,0.8421256500642402,-0.970061193112711,0.014934349010817591,0.9849955421235286,-0.050012482638791544,0.40856692680561424,0.4585794094444058,-0.8117827999704783,-0.7845164432252398,-2.3076412008989875,-2.3050704181663475,-0.023365980526370695,-0.01601654781056569,11.38888888888889,11.75925925925926,0.029,2.238,24.574835368582573,23.67267185772951,128,128,128,128
129,SLB,Solomon Islands,-0.9134423551178429,0.04242857302742573,0.9558709281452686,0.0017004988273056076,-0.7951962118560503,0.0991855936260326,0.8943818054820829,-0.9616781760700017,0.01894872682652121,0.980626902896523,0.9472453313934164,0.9655346434701692,0.018289312076752773,-0.9820555631010857,-0.9553499693841474,-2.176962123285459,-2.164804668322738,-0.0009155651647723925,-0.0004818502854149062,9.166666666666668,11.984126984126984,0.0,9.091,0.48854205824761954,0.38391207009782735,129,129,129,129
130,BHR,Bahrain,-0.9266618722027261,0.03575257623955751,0.9624144484422836,0.001832975318158847,-0.7032893215688789,0.1409261556311942,0.8442154772000731,-0.9779313113390931,0.011033789087699605,0.9889651004267926,-0.09255779900840133,0.39033341998487736,0.4828912189932787,-0.8327799912930672,-0.7901797483108595,-2.4737951990794014,-2.473739957956666,-0.024557759421074302,-0.017215863250288472,6.666666666666667,16.01851851851852,0.035,0.264,23.49967620174106,23.899991817054516,130,130,130,130
131,SAU,Saudi Arabia,-0.9305061903127524,0.03413220417028133,0.9646383944830337,0.0012294013466850329,-0.7945408227061662,0.09942943700591222,0.8939702597120784,-0.9736489391386777,0.013159865235749458,0.9868088043744271,0.09071001313846988,0.4750806375402972,0.38437062440182734,-0.9810120213711232,-0.9536971880512543,-2.3770732209684424,-2.375767969988106,-0.019428694201249645,-0.012663479312522697,3.333333333333333,23.166666666666668,0.014,2.16,19.690702372582873,18.484584258255175,131,131,131,131
132,TKM,Turkmenistan,-0.968024123708062,0.015903685264905598,0.9839278089729676,0.00016850576212679158,-0.9540778352407786,0.022876199129026317,0.9769540343698049,-0.9797556428837597,0.010122159001826413,0.9898778018855862,0.3304362685702853,0.5716162941739847,0.24118002560369944,-1.6054745119574927,-1.6023322501358914,-2.5211300818606257,-2.5211279608703077,-0.01459982512710768,-0.007204554830081468,1.1111111111111112,3.1481481481481484,0.0,0.03,10.580073304558885,10.86236863362963,132,132,132,132
