removed,pair_reversal_share,max_abs_rank_shift,top10_order_changed
AFG,0.0,0,False
AGO,0.00011743981209630065,1,False
ALB,0.0007046388725778039,1,False
ARE,0.0021139166177334117,2,False
ARG,0.00035231943628890195,1,False
ARM,0.0002348796241926013,1,False
AUS,0.0005871990604815032,1,False
AUT,0.001996476805637111,2,False
AZE,0.0005871990604815032,1,False
BDI,0.0011743981209630064,1,False
BEL,0.00011743981209630065,1,False
BEN,0.0017615971814445098,2,False
BFA,0.001644157369348209,1,False
BGD,0.0007046388725778039,1,False
BGR,0.0002348796241926013,1,False
BHR,0.001996476805637111,2,False
BIH,0.00035231943628890195,1,False
BLR,0.002348796241926013,2,False
BOL,0.0,0,False
BRA,0.0,0,False
CAN,0.0,0,False
CHE,0.0,0,False
CHL,0.0,0,False
CHN,0.0021139166177334117,2,False
CIV,0.002348796241926013,2,False
CMR,0.0037580739870816207,3,False
COD,0.0005871990604815032,1,False
COG,0.002348796241926013,2,False
COL,0.0002348796241926013,1,False
CRI,0.0007046388725778039,1,False
CZE,0.0002348796241926013,1,False
DEU,0.0015267175572519084,1,False
DNK,0.0018790369935408103,2,False
DOM,0.0008220786846741045,1,False
DZA,0.002701115678214915,2,False
ECU,0.0002348796241926013,1,False
EGY,0.001644157369348209,2,False
ERI,0.0,0,False
ESP,0.00011743981209630065,1,False
ETH,0.00035231943628890195,1,False
FIN,0.00011743981209630065,1,False
FRA,0.0007046388725778039,1,False
GBR,0.00035231943628890195,1,False
GEO,0.0005871990604815032,1,False
GHA,0.0,0,False
GIN,0.0034057545507927187,3,False
GRC,0.0,0,False
GTM,0.00035231943628890195,1,False
HND,0.00011743981209630065,1,False
HRV,0.0,0,False
HTI,0.0005871990604815032,1,False
HUN,0.0005871990604815032,1,False
IDN,0.0005871990604815032,1,False
IND,0.0004697592483852026,1,False
IRL,0.0,0,False
IRN,0.0014092777451556078,2,False
ISR,0.001996476805637111,2,False
ITA,0.0,0,False
JAM,0.0008220786846741045,1,False
JOR,0.001291837933059307,2,False
JPN,0.00011743981209630065,1,False
KAZ,0.0005871990604815032,1,False
KEN,0.002583675866118614,2,False
KGZ,0.0014092777451556078,1,False
KHM,0.0,0,False
KOR,0.0017615971814445098,2,False
KWT,0.002231356429829712,2,False
LAO,0.00011743981209630065,1,False
LBN,0.001644157369348209,2,False
LBR,0.00035231943628890195,1,False
LKA,0.0011743981209630064,1,False
MAR,0.0005871990604815032,1,False
MDA,0.001996476805637111,2,False
MDG,0.00011743981209630065,1,False
MDV,0.0017615971814445098,2,False
MEX,0.0,0,False
MKD,0.00035231943628890195,1,False
MLI,0.0007046388725778039,1,False
MMR,0.0031708749266001176,3,False
MNG,0.0005871990604815032,1,False
MOZ,0.00011743981209630065,1,False
MRT,0.0004697592483852026,1,False
MWI,0.001644157369348209,1,False
MYS,0.00035231943628890195,1,False
NER,0.001996476805637111,2,False
NGA,0.0009395184967704052,1,False
NIC,0.0,0,False
NLD,0.00011743981209630065,1,False
NOR,0.0004697592483852026,1,False
NPL,0.0005871990604815032,1,False
NZL,0.0002348796241926013,1,False
OMN,0.002348796241926013,2,False
PAK,0.0,0,False
PAN,0.00011743981209630065,1,False
PER,0.0,0,False
PHL,0.0,0,False
PNG,0.0002348796241926013,1,False
POL,0.0007046388725778039,1,False
PRT,0.0002348796241926013,1,False
PRY,0.0005871990604815032,1,False
QAT,0.002701115678214915,2,False
ROU,0.0005871990604815032,1,False
RUS,0.0005871990604815032,1,False
RWA,0.0008220786846741045,1,False
SAU,0.001291837933059307,2,False
SDN,0.0028185554903112156,2,False
SEN,0.00011743981209630065,1,False
SGP,0.002231356429829712,2,False
SLB,0.0017615971814445098,2,False
SLE,0.0005871990604815032,1,False
SLV,0.00011743981209630065,1,False
SOM,0.0,0,False
SVK,0.00011743981209630065,1,False
SWE,0.00011743981209630065,1,False
TCD,0.00035231943628890195,1,False
TGO,0.00035231943628890195,1,False
THA,0.0011743981209630064,2,False
TJK,0.0,0,False
TKM,0.00035231943628890195,1,False
TUN,0.001996476805637111,2,False
TUR,0.0,0,False
TZA,0.0015267175572519084,2,False
UGA,0.0005871990604815032,1,False
URY,0.0005871990604815032,1,False
USA,0.0005871990604815032,1,False
UZB,0.00011743981209630065,1,False
VEN,0.0017615971814445098,2,False
VNM,0.00035231943628890195,1,False
YEM,0.0014092777451556078,2,False
ZAF,0.0017615971814445098,2,False
ZMB,0.0002348796241926013,1,False
ZWE,0.0002348796241926013,1,False
