specification,tau,rho,top10,w_policy,w_share,w_co2,bottom10
Temporal: uniform,0.9569743233865371,0.9968745597512167,10,0.40455495326449376,0.5680809395944055,0.027364107141100737,9.0
Temporal: linear recency,0.8864214665741383,0.980287290050247,10,0.37971838835455385,0.5899316733315846,0.03034993831386155,9.0
Temporal: exponential recency (0.8),0.9125607217210271,0.987247786363897,10,0.3942963797263521,0.5759657561132614,0.029737864160386433,9.0
Staleness decay lambda=0.10,0.9581309275965764,0.9968589064611562,10,0.40875276954071377,0.5635624018431507,0.027684828616135512,10.0
Staleness decay lambda=0.25,0.8942863752024056,0.9824004842084391,10,0.3844795331495059,0.5853845143917966,0.030135952458697525,9.0
Staleness decay lambda=0.50,0.8191071015498496,0.9497216323250874,8,0.3635982579477257,0.6035367533279631,0.032864988724311144,9.0
Per-period min-max normalisation,0.984501503585473,0.9992695131305014,10,0.43195244881471245,0.5363181177913393,0.03172943339394824,10.0
Pooled min-max normalisation 2016-2024,0.9951422623178349,0.9998591203894536,10,0.42740630465592294,0.5448315481125522,0.027762147231524904,10.0
Membership floor eps=0.001,0.9611380985426787,0.9960240643245863,9,0.4408082638997769,0.5350341577357975,0.024157578364425544,8.0
Membership floor eps=0.05,0.9218135554013417,0.9873625771576754,10,0.39065489459174324,0.5773005437463555,0.032044561661901214,10.0
Hesitancy kappa=0 (crisp geometric),0.9838075410594495,0.9992173354969657,9,0.4324008865827339,0.5484481022582355,0.019151011159030625,10.0
Hesitancy kappa=0.10,0.9907471663196853,0.9996869341987862,9,0.42978677119902287,0.5486736758565244,0.021539552944452724,10.0
Hesitancy kappa=0.50,0.9747860282211427,0.9986955591616097,10,0.4142461858007538,0.5489919132087322,0.03676190099051407,9.0
Criterion weights equal,0.9488780939162618,0.9958205715537976,8,0.3333333333333333,0.3333333333333333,0.3333333333333333,8.0
"Alternative share RE/(RE+fossil), IMF dashboard (m=130)",0.90912343470483,0.9829357221865652,8,0.42699809873324984,0.5466551159961648,0.026346785270585305,
"Policy = RISE 2016 database, p1=1 (m=106)",0.6607367475292005,0.8377207345643247,4,0.24422457839981027,0.7160487690279274,0.03972665257226235,
Policy observed annually 2016-2023 (Data360 series),0.9474901688642147,0.995184004424663,10,0.3984281547476835,0.5742615568771958,0.02731028837512061,9.0
Non-hydro renewable share (m=129),0.40964147286821706,0.5608676207513418,2,0.32665549420202544,0.6549370389074707,0.01840746689050387,
"CO2 goalposts [0, 25] t",0.9870460328475595,0.9994677881379366,10,0.4017766554033521,0.5189196104922214,0.0793037341044265,9.0
CO2 per capita log-transformed,0.9211195928753181,0.9919281200920411,9,0.36316745030710923,0.46905341393621935,0.1677791357566714,9.0
