p_sparse,sigma,method,tau,top10
1,0.05,align,0.755605328060552,0.8122499999999999
1,0.05,interpolate,0.7955283039928562,0.846125
1,0.05,omit,0.6801781849300507,0.694
1,0.05,proposed,0.7954056639877536,0.84625
1,0.05,proposed_uniform,0.7957045913594422,0.8465
1,0.15,align,0.6573127418463239,0.707875
1,0.15,interpolate,0.7426282317047243,0.78225
1,0.15,omit,0.6663697484798231,0.672875
1,0.15,proposed,0.7428688874006039,0.7809999999999999
1,0.15,proposed_uniform,0.7420885529616873,0.7813749999999999
2,0.05,align,0.8038474826721096,0.8567499999999999
2,0.05,interpolate,0.8260517763745376,0.874125
2,0.05,omit,0.6787020719054301,0.68825
2,0.05,proposed,0.8227398371390909,0.868875
2,0.05,proposed_uniform,0.8232350055279161,0.86875
2,0.15,align,0.7311040523876345,0.7765
2,0.15,interpolate,0.7743000807926181,0.812125
2,0.15,omit,0.6636712644044734,0.6745
2,0.15,proposed,0.7807807437173109,0.817125
2,0.15,proposed_uniform,0.7812608432197985,0.8166249999999999
5,0.05,align,0.8297206542075946,0.884875
5,0.05,interpolate,0.831315500489008,0.887
5,0.05,omit,0.679282572181826,0.69975
5,0.05,proposed,0.8323126568014628,0.88825
5,0.05,proposed_uniform,0.8334628407109751,0.8887499999999999
5,0.15,align,0.7916065612110389,0.8235
5,0.15,interpolate,0.8033307447803717,0.836625
5,0.15,omit,0.6670485978228516,0.68
5,0.15,proposed,0.8068788748564869,0.836125
5,0.15,proposed_uniform,0.8083931942849854,0.8382499999999999
