dgp,m,n_annual,n_sparse,p_sparse,sigma,missing,method,tau,top10
linear,40,2,1,1,0.05,0.0,proposed,0.7955384615384615,0.858
linear,40,2,1,1,0.05,0.0,proposed_uniform,0.796,0.86
linear,40,2,1,1,0.05,0.0,interpolate,0.7955384615384615,0.858
linear,40,2,1,1,0.05,0.0,omit,0.6567692307692309,0.73
linear,40,2,1,1,0.05,0.0,align,0.747025641025641,0.828
linear,40,2,1,1,0.05,0.1,proposed,0.7939487179487179,0.8759999999999999
linear,40,2,1,1,0.05,0.1,proposed_uniform,0.7934871794871796,0.8759999999999999
linear,40,2,1,1,0.05,0.1,interpolate,0.7948205128205129,0.8780000000000001
linear,40,2,1,1,0.05,0.1,omit,0.6672820512820514,0.74
linear,40,2,1,1,0.05,0.1,align,0.7549230769230769,0.852
linear,40,2,1,1,0.15,0.0,proposed,0.741948717948718,0.828
linear,40,2,1,1,0.15,0.0,proposed_uniform,0.7439487179487181,0.828
linear,40,2,1,1,0.15,0.0,interpolate,0.741948717948718,0.828
linear,40,2,1,1,0.15,0.0,omit,0.6584102564102565,0.736
linear,40,2,1,1,0.15,0.0,align,0.6524615384615386,0.764
linear,40,2,1,1,0.15,0.1,proposed,0.7413333333333335,0.81
linear,40,2,1,1,0.15,0.1,proposed_uniform,0.741897435897436,0.816
linear,40,2,1,1,0.15,0.1,interpolate,0.7411794871794872,0.8119999999999998
linear,40,2,1,1,0.15,0.1,omit,0.6392820512820514,0.7179999999999999
linear,40,2,1,1,0.15,0.1,align,0.6535384615384616,0.7639999999999999
linear,40,2,1,2,0.05,0.0,proposed,0.8216923076923078,0.8939999999999999
linear,40,2,1,2,0.05,0.0,proposed_uniform,0.8218461538461539,0.8900000000000001
linear,40,2,1,2,0.05,0.0,interpolate,0.8253333333333334,0.8960000000000001
linear,40,2,1,2,0.05,0.0,omit,0.6716410256410257,0.75
linear,40,2,1,2,0.05,0.0,align,0.8022051282051282,0.88
linear,40,2,1,2,0.05,0.1,proposed,0.8143076923076924,0.8819999999999999
linear,40,2,1,2,0.05,0.1,proposed_uniform,0.8160000000000003,0.8819999999999999
linear,40,2,1,2,0.05,0.1,interpolate,0.8176923076923076,0.88
linear,40,2,1,2,0.05,0.1,omit,0.659948717948718,0.7580000000000001
linear,40,2,1,2,0.05,0.1,align,0.8042564102564103,0.8639999999999999
linear,40,2,1,2,0.15,0.0,proposed,0.7685128205128204,0.858
linear,40,2,1,2,0.15,0.0,proposed_uniform,0.7677435897435899,0.858
linear,40,2,1,2,0.15,0.0,interpolate,0.7584102564102565,0.8420000000000001
linear,40,2,1,2,0.15,0.0,omit,0.6456923076923079,0.7260000000000001
linear,40,2,1,2,0.15,0.0,align,0.7107692307692309,0.834
linear,40,2,1,2,0.15,0.1,proposed,0.7685128205128204,0.862
linear,40,2,1,2,0.15,0.1,proposed_uniform,0.7698974358974359,0.862
linear,40,2,1,2,0.15,0.1,interpolate,0.7575384615384617,0.846
linear,40,2,1,2,0.15,0.1,omit,0.6361025641025642,0.73
linear,40,2,1,2,0.15,0.1,align,0.7209743589743591,0.8140000000000001
linear,40,2,1,5,0.05,0.0,proposed,0.8363589743589744,0.902
linear,40,2,1,5,0.05,0.0,proposed_uniform,0.8365128205128205,0.8980000000000001
linear,40,2,1,5,0.05,0.0,interpolate,0.835948717948718,0.9
linear,40,2,1,5,0.05,0.0,omit,0.6587179487179488,0.73
linear,40,2,1,5,0.05,0.0,align,0.8291282051282052,0.9020000000000001
linear,40,2,1,5,0.05,0.1,proposed,0.8328717948717949,0.9100000000000001
linear,40,2,1,5,0.05,0.1,proposed_uniform,0.8334358974358974,0.9119999999999999
linear,40,2,1,5,0.05,0.1,interpolate,0.8345128205128206,0.9059999999999999
linear,40,2,1,5,0.05,0.1,omit,0.6732820512820514,0.7659999999999999
linear,40,2,1,5,0.05,0.1,align,0.8331282051282051,0.8980000000000001
linear,40,2,1,5,0.15,0.0,proposed,0.789846153846154,0.8639999999999999
linear,40,2,1,5,0.15,0.0,proposed_uniform,0.7917948717948718,0.8639999999999999
linear,40,2,1,5,0.15,0.0,interpolate,0.7927179487179488,0.8740000000000001
linear,40,2,1,5,0.15,0.0,omit,0.6354871794871795,0.7240000000000001
linear,40,2,1,5,0.15,0.0,align,0.7722564102564102,0.866
linear,40,2,1,5,0.15,0.1,proposed,0.7856923076923078,0.86
linear,40,2,1,5,0.15,0.1,proposed_uniform,0.7885641025641026,0.856
linear,40,2,1,5,0.15,0.1,interpolate,0.780974358974359,0.8619999999999999
linear,40,2,1,5,0.15,0.1,omit,0.6401025641025642,0.7339999999999998
linear,40,2,1,5,0.15,0.1,align,0.7714358974358975,0.85
linear,40,2,2,1,0.05,0.0,proposed,0.7896410256410258,0.8539999999999999
linear,40,2,2,1,0.05,0.0,proposed_uniform,0.7893333333333333,0.8579999999999999
linear,40,2,2,1,0.05,0.0,interpolate,0.7896410256410258,0.8539999999999999
linear,40,2,2,1,0.05,0.0,omit,0.6180512820512821,0.7120000000000001
linear,40,2,2,1,0.05,0.0,align,0.7545641025641026,0.838
linear,40,2,2,1,0.05,0.1,proposed,0.769846153846154,0.856
linear,40,2,2,1,0.05,0.1,proposed_uniform,0.771076923076923,0.8579999999999999
linear,40,2,2,1,0.05,0.1,interpolate,0.7684615384615384,0.8579999999999999
linear,40,2,2,1,0.05,0.1,omit,0.5877948717948719,0.6759999999999999
linear,40,2,2,1,0.05,0.1,align,0.7373333333333334,0.8460000000000001
linear,40,2,2,1,0.15,0.0,proposed,0.7177948717948719,0.792
linear,40,2,2,1,0.15,0.0,proposed_uniform,0.7161025641025642,0.792
linear,40,2,2,1,0.15,0.0,interpolate,0.7177948717948719,0.792
linear,40,2,2,1,0.15,0.0,omit,0.5893333333333334,0.6680000000000001
linear,40,2,2,1,0.15,0.0,align,0.6493846153846153,0.746
linear,40,2,2,1,0.15,0.1,proposed,0.7096410256410257,0.7839999999999999
linear,40,2,2,1,0.15,0.1,proposed_uniform,0.7093333333333334,0.7839999999999999
linear,40,2,2,1,0.15,0.1,interpolate,0.7075897435897436,0.782
linear,40,2,2,1,0.15,0.1,omit,0.589948717948718,0.6659999999999999
linear,40,2,2,1,0.15,0.1,align,0.6516410256410258,0.7539999999999999
linear,40,2,2,2,0.05,0.0,proposed,0.8033333333333332,0.878
linear,40,2,2,2,0.05,0.0,proposed_uniform,0.8042564102564104,0.8819999999999999
linear,40,2,2,2,0.05,0.0,interpolate,0.8087179487179488,0.8819999999999999
linear,40,2,2,2,0.05,0.0,omit,0.5915384615384617,0.6780000000000002
linear,40,2,2,2,0.05,0.0,align,0.7920512820512822,0.8719999999999999
linear,40,2,2,2,0.05,0.1,proposed,0.8037435897435898,0.866
linear,40,2,2,2,0.05,0.1,proposed_uniform,0.8031794871794874,0.8660000000000001
linear,40,2,2,2,0.05,0.1,interpolate,0.813076923076923,0.8639999999999999
linear,40,2,2,2,0.05,0.1,omit,0.595948717948718,0.682
linear,40,2,2,2,0.05,0.1,align,0.7924102564102564,0.846
linear,40,2,2,2,0.15,0.0,proposed,0.7626153846153847,0.836
linear,40,2,2,2,0.15,0.0,proposed_uniform,0.7616410256410258,0.8420000000000001
linear,40,2,2,2,0.15,0.0,interpolate,0.7508205128205128,0.834
linear,40,2,2,2,0.15,0.0,omit,0.5977948717948718,0.7260000000000001
linear,40,2,2,2,0.15,0.0,align,0.7304102564102564,0.814
linear,40,2,2,2,0.15,0.1,proposed,0.7555897435897436,0.8279999999999998
linear,40,2,2,2,0.15,0.1,proposed_uniform,0.7550256410256412,0.8279999999999998
linear,40,2,2,2,0.15,0.1,interpolate,0.7397948717948718,0.826
linear,40,2,2,2,0.15,0.1,omit,0.577948717948718,0.6560000000000001
linear,40,2,2,2,0.15,0.1,align,0.7147692307692307,0.8059999999999999
linear,40,2,2,5,0.05,0.0,proposed,0.8249230769230769,0.88
linear,40,2,2,5,0.05,0.0,proposed_uniform,0.8254358974358975,0.8779999999999998
linear,40,2,2,5,0.05,0.0,interpolate,0.8242051282051283,0.87
linear,40,2,2,5,0.05,0.0,omit,0.5957435897435898,0.684
linear,40,2,2,5,0.05,0.0,align,0.8221025641025642,0.8740000000000001
linear,40,2,2,5,0.05,0.1,proposed,0.831025641025641,0.8740000000000002
linear,40,2,2,5,0.05,0.1,proposed_uniform,0.8333333333333335,0.8760000000000002
linear,40,2,2,5,0.05,0.1,interpolate,0.8292307692307693,0.8660000000000002
linear,40,2,2,5,0.05,0.1,omit,0.5935897435897436,0.6739999999999999
linear,40,2,2,5,0.05,0.1,align,0.8306153846153848,0.8660000000000001
linear,40,2,2,5,0.15,0.0,proposed,0.788153846153846,0.8399999999999999
linear,40,2,2,5,0.15,0.0,proposed_uniform,0.7918974358974359,0.834
linear,40,2,2,5,0.15,0.0,interpolate,0.7841538461538461,0.8419999999999999
linear,40,2,2,5,0.15,0.0,omit,0.5864102564102565,0.65
linear,40,2,2,5,0.15,0.0,align,0.7800512820512822,0.834
linear,40,2,2,5,0.15,0.1,proposed,0.7933846153846155,0.836
linear,40,2,2,5,0.15,0.1,proposed_uniform,0.7947692307692309,0.84
linear,40,2,2,5,0.15,0.1,interpolate,0.7895897435897435,0.84
linear,40,2,2,5,0.15,0.1,omit,0.5738461538461539,0.662
linear,40,2,2,5,0.15,0.1,align,0.7820512820512822,0.83
linear,40,4,1,1,0.05,0.0,proposed,0.801948717948718,0.862
linear,40,4,1,1,0.05,0.0,proposed_uniform,0.8015384615384614,0.8640000000000001
linear,40,4,1,1,0.05,0.0,interpolate,0.801948717948718,0.862
linear,40,4,1,1,0.05,0.0,omit,0.7393846153846155,0.816
linear,40,4,1,1,0.05,0.0,align,0.7455384615384617,0.8440000000000002
linear,40,4,1,1,0.05,0.1,proposed,0.8032820512820513,0.8540000000000001
linear,40,4,1,1,0.05,0.1,proposed_uniform,0.8035384615384616,0.8540000000000001
linear,40,4,1,1,0.05,0.1,interpolate,0.803846153846154,0.8560000000000001
linear,40,4,1,1,0.05,0.1,omit,0.7357948717948717,0.7879999999999999
linear,40,4,1,1,0.05,0.1,align,0.7523589743589745,0.818
linear,40,4,1,1,0.15,0.0,proposed,0.7632820512820513,0.838
linear,40,4,1,1,0.15,0.0,proposed_uniform,0.761846153846154,0.838
linear,40,4,1,1,0.15,0.0,interpolate,0.7632820512820513,0.838
linear,40,4,1,1,0.15,0.0,omit,0.7242564102564104,0.7680000000000001
linear,40,4,1,1,0.15,0.0,align,0.6491794871794874,0.7939999999999999
linear,40,4,1,1,0.15,0.1,proposed,0.7833846153846156,0.8399999999999999
linear,40,4,1,1,0.15,0.1,proposed_uniform,0.7841538461538462,0.8399999999999999
linear,40,4,1,1,0.15,0.1,interpolate,0.7817435897435898,0.8399999999999999
linear,40,4,1,1,0.15,0.1,omit,0.744820512820513,0.8059999999999999
linear,40,4,1,1,0.15,0.1,align,0.6663076923076923,0.7839999999999999
linear,40,4,1,2,0.05,0.0,proposed,0.8271794871794872,0.884
linear,40,4,1,2,0.05,0.0,proposed_uniform,0.828102564102564,0.8860000000000001
linear,40,4,1,2,0.05,0.0,interpolate,0.8297435897435897,0.8959999999999999
linear,40,4,1,2,0.05,0.0,omit,0.7425128205128206,0.8099999999999998
linear,40,4,1,2,0.05,0.0,align,0.8016923076923077,0.862
linear,40,4,1,2,0.05,0.1,proposed,0.8224615384615386,0.8839999999999999
linear,40,4,1,2,0.05,0.1,proposed_uniform,0.8234871794871793,0.8839999999999999
linear,40,4,1,2,0.05,0.1,interpolate,0.8227692307692307,0.888
linear,40,4,1,2,0.05,0.1,omit,0.7403076923076922,0.8
linear,40,4,1,2,0.05,0.1,align,0.806,0.88
linear,40,4,1,2,0.15,0.0,proposed,0.7922051282051282,0.852
linear,40,4,1,2,0.15,0.0,proposed_uniform,0.7912820512820514,0.8439999999999999
linear,40,4,1,2,0.15,0.0,interpolate,0.784974358974359,0.852
linear,40,4,1,2,0.15,0.0,omit,0.7251794871794872,0.782
linear,40,4,1,2,0.15,0.0,align,0.7283076923076923,0.804
linear,40,4,1,2,0.15,0.1,proposed,0.7921538461538461,0.8560000000000001
linear,40,4,1,2,0.15,0.1,proposed_uniform,0.7923076923076924,0.8580000000000001
linear,40,4,1,2,0.15,0.1,interpolate,0.7843589743589745,0.8560000000000001
linear,40,4,1,2,0.15,0.1,omit,0.7234871794871797,0.7759999999999999
linear,40,4,1,2,0.15,0.1,align,0.7332307692307692,0.8380000000000001
linear,40,4,1,5,0.05,0.0,proposed,0.8225641025641025,0.88
linear,40,4,1,5,0.05,0.0,proposed_uniform,0.823948717948718,0.884
linear,40,4,1,5,0.05,0.0,interpolate,0.8223589743589744,0.88
linear,40,4,1,5,0.05,0.0,omit,0.7360000000000001,0.806
linear,40,4,1,5,0.05,0.0,align,0.8223076923076924,0.8740000000000001
linear,40,4,1,5,0.05,0.1,proposed,0.8226153846153845,0.8719999999999999
linear,40,4,1,5,0.05,0.1,proposed_uniform,0.8236923076923077,0.8759999999999999
linear,40,4,1,5,0.05,0.1,interpolate,0.8247179487179488,0.878
linear,40,4,1,5,0.05,0.1,omit,0.7306666666666668,0.79
linear,40,4,1,5,0.05,0.1,align,0.821948717948718,0.8759999999999999
linear,40,4,1,5,0.15,0.0,proposed,0.8066666666666668,0.856
linear,40,4,1,5,0.15,0.0,proposed_uniform,0.8070769230769231,0.8539999999999999
linear,40,4,1,5,0.15,0.0,interpolate,0.8007692307692308,0.848
linear,40,4,1,5,0.15,0.0,omit,0.7242051282051283,0.77
linear,40,4,1,5,0.15,0.0,align,0.7901025641025641,0.8319999999999999
linear,40,4,1,5,0.15,0.1,proposed,0.8037435897435898,0.834
linear,40,4,1,5,0.15,0.1,proposed_uniform,0.8055384615384616,0.8379999999999999
linear,40,4,1,5,0.15,0.1,interpolate,0.7988717948717948,0.838
linear,40,4,1,5,0.15,0.1,omit,0.7272820512820511,0.7599999999999999
linear,40,4,1,5,0.15,0.1,align,0.7894871794871794,0.8500000000000001
linear,40,4,2,1,0.05,0.0,proposed,0.8073333333333333,0.848
linear,40,4,2,1,0.05,0.0,proposed_uniform,0.8070256410256411,0.8439999999999999
linear,40,4,2,1,0.05,0.0,interpolate,0.8073333333333333,0.848
linear,40,4,2,1,0.05,0.0,omit,0.6887692307692308,0.7460000000000001
linear,40,4,2,1,0.05,0.0,align,0.7656923076923077,0.8319999999999999
linear,40,4,2,1,0.05,0.1,proposed,0.7972307692307692,0.8340000000000001
linear,40,4,2,1,0.05,0.1,proposed_uniform,0.7969743589743591,0.8340000000000001
linear,40,4,2,1,0.05,0.1,interpolate,0.7973846153846154,0.8420000000000001
linear,40,4,2,1,0.05,0.1,omit,0.7014871794871794,0.7659999999999999
linear,40,4,2,1,0.05,0.1,align,0.7639487179487179,0.8219999999999998
linear,40,4,2,1,0.15,0.0,proposed,0.7489743589743592,0.8059999999999999
linear,40,4,2,1,0.15,0.0,proposed_uniform,0.7480512820512821,0.8099999999999998
linear,40,4,2,1,0.15,0.0,interpolate,0.7489743589743592,0.8059999999999999
linear,40,4,2,1,0.15,0.0,omit,0.6855897435897437,0.7539999999999999
linear,40,4,2,1,0.15,0.0,align,0.6546666666666667,0.758
linear,40,4,2,1,0.15,0.1,proposed,0.7685128205128205,0.8219999999999998
linear,40,4,2,1,0.15,0.1,proposed_uniform,0.7688717948717948,0.8220000000000001
linear,40,4,2,1,0.15,0.1,interpolate,0.7688205128205128,0.8219999999999998
linear,40,4,2,1,0.15,0.1,omit,0.6949743589743591,0.736
linear,40,4,2,1,0.15,0.1,align,0.6847692307692309,0.76
linear,40,4,2,2,0.05,0.0,proposed,0.829025641025641,0.87
linear,40,4,2,2,0.05,0.0,proposed_uniform,0.8288205128205128,0.872
linear,40,4,2,2,0.05,0.0,interpolate,0.8313846153846154,0.8639999999999999
linear,40,4,2,2,0.05,0.0,omit,0.7048717948717947,0.778
linear,40,4,2,2,0.05,0.0,align,0.8051282051282053,0.8539999999999999
linear,40,4,2,2,0.05,0.1,proposed,0.8271282051282052,0.858
linear,40,4,2,2,0.05,0.1,proposed_uniform,0.8281025641025641,0.856
linear,40,4,2,2,0.05,0.1,interpolate,0.8320000000000002,0.866
linear,40,4,2,2,0.05,0.1,omit,0.7044615384615386,0.764
linear,40,4,2,2,0.05,0.1,align,0.8068205128205128,0.848
linear,40,4,2,2,0.15,0.0,proposed,0.791025641025641,0.8259999999999998
linear,40,4,2,2,0.15,0.0,proposed_uniform,0.7893846153846154,0.8219999999999998
linear,40,4,2,2,0.15,0.0,interpolate,0.7822051282051283,0.8340000000000001
linear,40,4,2,2,0.15,0.0,omit,0.6966666666666669,0.758
linear,40,4,2,2,0.15,0.0,align,0.7506666666666668,0.816
linear,40,4,2,2,0.15,0.1,proposed,0.7914358974358975,0.8220000000000001
linear,40,4,2,2,0.15,0.1,proposed_uniform,0.7924615384615384,0.826
linear,40,4,2,2,0.15,0.1,interpolate,0.7784615384615384,0.826
linear,40,4,2,2,0.15,0.1,omit,0.6826153846153846,0.748
linear,40,4,2,2,0.15,0.1,align,0.7396410256410257,0.794
linear,40,4,2,5,0.05,0.0,proposed,0.8244102564102566,0.8579999999999999
linear,40,4,2,5,0.05,0.0,proposed_uniform,0.8262051282051283,0.8579999999999999
linear,40,4,2,5,0.05,0.0,interpolate,0.8253333333333334,0.8639999999999999
linear,40,4,2,5,0.05,0.0,omit,0.6807692307692308,0.7580000000000001
linear,40,4,2,5,0.05,0.0,align,0.8216923076923078,0.8519999999999999
linear,40,4,2,5,0.05,0.1,proposed,0.8266666666666667,0.858
linear,40,4,2,5,0.05,0.1,proposed_uniform,0.826974358974359,0.8619999999999999
linear,40,4,2,5,0.05,0.1,interpolate,0.8248717948717951,0.862
linear,40,4,2,5,0.05,0.1,omit,0.6901025641025642,0.764
linear,40,4,2,5,0.05,0.1,align,0.8239487179487179,0.862
linear,40,4,2,5,0.15,0.0,proposed,0.8157948717948719,0.8439999999999999
linear,40,4,2,5,0.15,0.0,proposed_uniform,0.8182051282051281,0.852
linear,40,4,2,5,0.15,0.0,interpolate,0.8120512820512821,0.848
linear,40,4,2,5,0.15,0.0,omit,0.6975897435897436,0.7619999999999999
linear,40,4,2,5,0.15,0.0,align,0.8013846153846154,0.8539999999999999
linear,40,4,2,5,0.15,0.1,proposed,0.8130769230769234,0.8439999999999999
linear,40,4,2,5,0.15,0.1,proposed_uniform,0.8149230769230769,0.8399999999999999
linear,40,4,2,5,0.15,0.1,interpolate,0.8090256410256409,0.836
linear,40,4,2,5,0.15,0.1,omit,0.6925641025641027,0.7559999999999999
linear,40,4,2,5,0.15,0.1,align,0.7977435897435899,0.8299999999999998
linear,135,2,1,1,0.05,0.0,proposed,0.8066158098396905,0.846
linear,135,2,1,1,0.05,0.0,proposed_uniform,0.8066644555002767,0.846
linear,135,2,1,1,0.05,0.0,interpolate,0.8066158098396905,0.846
linear,135,2,1,1,0.05,0.0,omit,0.6733178551686013,0.612
linear,135,2,1,1,0.05,0.0,align,0.7636793808734107,0.7799999999999998
linear,135,2,1,1,0.05,0.1,proposed,0.8113698175787728,0.84
linear,135,2,1,1,0.05,0.1,proposed_uniform,0.8111177446102819,0.836
linear,135,2,1,1,0.05,0.1,interpolate,0.8117412935323384,0.8380000000000001
linear,135,2,1,1,0.05,0.1,omit,0.6764444444444446,0.6100000000000001
linear,135,2,1,1,0.05,0.1,align,0.7711487009397459,0.774
linear,135,2,1,1,0.15,0.0,proposed,0.7424212271973467,0.7580000000000001
linear,135,2,1,1,0.15,0.0,proposed_uniform,0.7423106688778331,0.764
linear,135,2,1,1,0.15,0.0,interpolate,0.7424212271973467,0.7580000000000001
linear,135,2,1,1,0.15,0.0,omit,0.6566943062465451,0.594
linear,135,2,1,1,0.15,0.0,align,0.6518341625207298,0.6220000000000001
linear,135,2,1,1,0.15,0.1,proposed,0.7460121614151464,0.7519999999999999
linear,135,2,1,1,0.15,0.1,proposed_uniform,0.7456760641238254,0.75
linear,135,2,1,1,0.15,0.1,interpolate,0.7448623548922056,0.742
linear,135,2,1,1,0.15,0.1,omit,0.6611299060254285,0.58
linear,135,2,1,1,0.15,0.1,align,0.6624610281923715,0.642
linear,135,2,1,2,0.05,0.0,proposed,0.8323095632946379,0.882
linear,135,2,1,2,0.05,0.0,proposed_uniform,0.8324201216141516,0.884
linear,135,2,1,2,0.05,0.0,interpolate,0.8373377556661139,0.882
linear,135,2,1,2,0.05,0.0,omit,0.6722078496406853,0.612
linear,135,2,1,2,0.05,0.0,align,0.8135367606412384,0.8499999999999999
linear,135,2,1,2,0.05,0.1,proposed,0.8221381978993919,0.892
linear,135,2,1,2,0.05,0.1,proposed_uniform,0.8223946932006635,0.8899999999999999
linear,135,2,1,2,0.05,0.1,interpolate,0.829258153676064,0.8819999999999999
linear,135,2,1,2,0.05,0.1,omit,0.6615323383084578,0.5920000000000001
linear,135,2,1,2,0.05,0.1,align,0.805700386954118,0.858
linear,135,2,1,2,0.15,0.0,proposed,0.7843139856274185,0.7999999999999998
linear,135,2,1,2,0.15,0.0,proposed_uniform,0.7843228302929797,0.7939999999999998
linear,135,2,1,2,0.15,0.0,interpolate,0.7769773355444997,0.772
linear,135,2,1,2,0.15,0.0,omit,0.6602410171365395,0.576
linear,135,2,1,2,0.15,0.0,align,0.731639579878386,0.7219999999999999
linear,135,2,1,2,0.15,0.1,proposed,0.7795865118850194,0.804
linear,135,2,1,2,0.15,0.1,proposed_uniform,0.7797943615257048,0.806
linear,135,2,1,2,0.15,0.1,interpolate,0.7714626865671641,0.8039999999999999
linear,135,2,1,2,0.15,0.1,omit,0.6574549474847983,0.576
linear,135,2,1,2,0.15,0.1,align,0.7283316749585407,0.738
linear,135,2,1,5,0.05,0.0,proposed,0.8410082918739635,0.894
linear,135,2,1,5,0.05,0.0,proposed_uniform,0.8413930348258707,0.89
linear,135,2,1,5,0.05,0.0,interpolate,0.8405704809286898,0.892
linear,135,2,1,5,0.05,0.0,omit,0.6659148700939747,0.618
linear,135,2,1,5,0.05,0.0,align,0.8391066887783307,0.8819999999999999
linear,135,2,1,5,0.05,0.1,proposed,0.8401238253178552,0.88
linear,135,2,1,5,0.05,0.1,proposed_uniform,0.8408225538971809,0.882
linear,135,2,1,5,0.05,0.1,interpolate,0.8414637921503594,0.8760000000000001
linear,135,2,1,5,0.05,0.1,omit,0.6699922609176341,0.62
linear,135,2,1,5,0.05,0.1,align,0.8391111111111111,0.8900000000000001
linear,135,2,1,5,0.15,0.0,proposed,0.8114582642343835,0.8579999999999999
linear,135,2,1,5,0.15,0.0,proposed_uniform,0.8118385848535102,0.856
linear,135,2,1,5,0.15,0.0,interpolate,0.8094726368159205,0.858
linear,135,2,1,5,0.15,0.0,omit,0.6524532891100056,0.586
linear,135,2,1,5,0.15,0.0,align,0.7970724156992814,0.826
linear,135,2,1,5,0.15,0.1,proposed,0.8081061359867331,0.84
linear,135,2,1,5,0.15,0.1,proposed_uniform,0.8088711995577669,0.8420000000000001
linear,135,2,1,5,0.15,0.1,interpolate,0.8052448866777224,0.8380000000000001
linear,135,2,1,5,0.15,0.1,omit,0.6541116639027087,0.594
linear,135,2,1,5,0.15,0.1,align,0.7928225538971807,0.8079999999999998
linear,135,2,2,1,0.05,0.0,proposed,0.7900762852404644,0.8240000000000001
linear,135,2,2,1,0.05,0.0,proposed_uniform,0.790023217247098,0.8260000000000001
linear,135,2,2,1,0.05,0.0,interpolate,0.7900762852404644,0.8240000000000001
linear,135,2,2,1,0.05,0.0,omit,0.6111708126036485,0.5099999999999999
linear,135,2,2,1,0.05,0.0,align,0.7599646213377557,0.7819999999999997
linear,135,2,2,1,0.05,0.1,proposed,0.7873521282476507,0.824
linear,135,2,2,1,0.05,0.1,proposed_uniform,0.7874051962410172,0.824
linear,135,2,2,1,0.05,0.1,interpolate,0.7869894969596462,0.8320000000000001
linear,135,2,2,1,0.05,0.1,omit,0.5966213377556662,0.534
linear,135,2,2,1,0.05,0.1,align,0.7605881702598123,0.79
linear,135,2,2,1,0.15,0.0,proposed,0.7270270867882809,0.7120000000000002
linear,135,2,2,1,0.15,0.0,proposed_uniform,0.7263062465450525,0.7120000000000002
linear,135,2,2,1,0.15,0.0,interpolate,0.7270270867882809,0.7120000000000002
linear,135,2,2,1,0.15,0.0,omit,0.5961569928137093,0.482
linear,135,2,2,1,0.15,0.0,align,0.6627529021558874,0.626
linear,135,2,2,1,0.15,0.1,proposed,0.7140431177446105,0.73
linear,135,2,2,1,0.15,0.1,proposed_uniform,0.7137645107794363,0.732
linear,135,2,2,1,0.15,0.1,interpolate,0.7134372581536761,0.736
linear,135,2,2,1,0.15,0.1,omit,0.5812625760088447,0.48200000000000004
linear,135,2,2,1,0.15,0.1,align,0.6516440022111664,0.664
linear,135,2,2,2,0.05,0.0,proposed,0.816782752902156,0.86
linear,135,2,2,2,0.05,0.0,proposed_uniform,0.8172515201768934,0.8619999999999999
linear,135,2,2,2,0.05,0.0,interpolate,0.8232791597567716,0.88
linear,135,2,2,2,0.05,0.0,omit,0.5964665561083471,0.51
linear,135,2,2,2,0.05,0.0,align,0.8005041459369818,0.8439999999999999
linear,135,2,2,2,0.05,0.1,proposed,0.8219170812603649,0.8539999999999999
linear,135,2,2,2,0.05,0.1,proposed_uniform,0.8222664455500276,0.8539999999999999
linear,135,2,2,2,0.05,0.1,interpolate,0.8276174682144832,0.8739999999999999
linear,135,2,2,2,0.05,0.1,omit,0.6039049198452183,0.514
linear,135,2,2,2,0.05,0.1,align,0.8072570480928689,0.836
linear,135,2,2,2,0.15,0.0,proposed,0.773992260917634,0.79
linear,135,2,2,2,0.15,0.0,proposed_uniform,0.7740497512437812,0.792
linear,135,2,2,2,0.15,0.0,interpolate,0.7641658374792702,0.7559999999999999
linear,135,2,2,2,0.15,0.0,omit,0.5953034825870648,0.4739999999999999
linear,135,2,2,2,0.15,0.0,align,0.7336915422885572,0.7299999999999999
linear,135,2,2,2,0.15,0.1,proposed,0.7664698728579326,0.7959999999999999
linear,135,2,2,2,0.15,0.1,proposed_uniform,0.76636815920398,0.7959999999999999
linear,135,2,2,2,0.15,0.1,interpolate,0.7541757877280265,0.7659999999999999
linear,135,2,2,2,0.15,0.1,omit,0.5873344389165286,0.514
linear,135,2,2,2,0.15,0.1,align,0.7342266445550026,0.7480000000000001
linear,135,2,2,5,0.05,0.0,proposed,0.8384168048645662,0.89
linear,135,2,2,5,0.05,0.0,proposed_uniform,0.8390536207849639,0.888
linear,135,2,2,5,0.05,0.0,interpolate,0.838744057490326,0.892
linear,135,2,2,5,0.05,0.0,omit,0.6052227750138198,0.526
linear,135,2,2,5,0.05,0.0,align,0.8381072415699282,0.894
linear,135,2,2,5,0.05,0.1,proposed,0.8364930901050306,0.8959999999999999
linear,135,2,2,5,0.05,0.1,proposed_uniform,0.8369751243781096,0.898
linear,135,2,2,5,0.05,0.1,interpolate,0.8370768380320619,0.894
linear,135,2,2,5,0.05,0.1,omit,0.5960906578220011,0.488
linear,135,2,2,5,0.05,0.1,align,0.8359800995024876,0.8879999999999998
linear,135,2,2,5,0.15,0.0,proposed,0.8091144278606964,0.8380000000000001
linear,135,2,2,5,0.15,0.0,proposed_uniform,0.8098750690989498,0.84
linear,135,2,2,5,0.15,0.0,interpolate,0.8045505804311774,0.8360000000000001
linear,135,2,2,5,0.15,0.0,omit,0.5856097291321173,0.49399999999999994
linear,135,2,2,5,0.15,0.0,align,0.7991597567716969,0.812
linear,135,2,2,5,0.15,0.1,proposed,0.8060232172470979,0.8099999999999998
linear,135,2,2,5,0.15,0.1,proposed_uniform,0.8072349364289662,0.816
linear,135,2,2,5,0.15,0.1,interpolate,0.8029364289662797,0.8219999999999998
linear,135,2,2,5,0.15,0.1,omit,0.5936539524599227,0.516
linear,135,2,2,5,0.15,0.1,align,0.7964754007739083,0.806
linear,135,4,1,1,0.05,0.0,proposed,0.8191840796019902,0.85
linear,135,4,1,1,0.05,0.0,proposed_uniform,0.8192459922609175,0.85
linear,135,4,1,1,0.05,0.0,interpolate,0.8191840796019902,0.85
linear,135,4,1,1,0.05,0.0,omit,0.7466578220011055,0.7360000000000001
linear,135,4,1,1,0.05,0.0,align,0.7630248756218906,0.7859999999999999
linear,135,4,1,1,0.05,0.1,proposed,0.8241768933112218,0.86
linear,135,4,1,1,0.05,0.1,proposed_uniform,0.8241945826423439,0.8560000000000001
linear,135,4,1,1,0.05,0.1,interpolate,0.8237611940298508,0.85
linear,135,4,1,1,0.05,0.1,omit,0.7526456605859592,0.7399999999999999
linear,135,4,1,1,0.05,0.1,align,0.7774947484798231,0.8019999999999999
linear,135,4,1,1,0.15,0.0,proposed,0.7832216694306245,0.7759999999999999
linear,135,4,1,1,0.15,0.0,proposed_uniform,0.7829430624654505,0.7739999999999999
linear,135,4,1,1,0.15,0.0,interpolate,0.7832216694306245,0.7759999999999999
linear,135,4,1,1,0.15,0.0,omit,0.7365527915975677,0.6960000000000001
linear,135,4,1,1,0.15,0.0,align,0.6670646766169156,0.6980000000000001
linear,135,4,1,1,0.15,0.1,proposed,0.7870956329463792,0.7939999999999999
linear,135,4,1,1,0.15,0.1,proposed_uniform,0.7869010503040355,0.7919999999999999
linear,135,4,1,1,0.15,0.1,interpolate,0.7857202874516308,0.7919999999999999
linear,135,4,1,1,0.15,0.1,omit,0.7386224433388614,0.71
linear,135,4,1,1,0.15,0.1,align,0.6765815367606414,0.682
linear,135,4,1,2,0.05,0.0,proposed,0.8341271420674407,0.8860000000000001
linear,135,4,1,2,0.05,0.0,proposed_uniform,0.8343615257048094,0.8860000000000001
linear,135,4,1,2,0.05,0.0,interpolate,0.8362056384742952,0.884
linear,135,4,1,2,0.05,0.0,omit,0.7488336097291324,0.726
linear,135,4,1,2,0.05,0.0,align,0.8104057490326148,0.8560000000000001
linear,135,4,1,2,0.05,0.1,proposed,0.8294129353233831,0.8700000000000001
linear,135,4,1,2,0.05,0.1,proposed_uniform,0.829925925925926,0.8680000000000001
linear,135,4,1,2,0.05,0.1,interpolate,0.8328623548922056,0.8780000000000001
linear,135,4,1,2,0.05,0.1,omit,0.7457689331122168,0.7020000000000001
linear,135,4,1,2,0.05,0.1,align,0.8068546158098399,0.856
linear,135,4,1,2,0.15,0.0,proposed,0.8076727473742399,0.8179999999999998
linear,135,4,1,2,0.15,0.0,proposed_uniform,0.807517965726921,0.816
linear,135,4,1,2,0.15,0.0,interpolate,0.8007208402432283,0.81
linear,135,4,1,2,0.15,0.0,omit,0.7411387506909896,0.7020000000000002
linear,135,4,1,2,0.15,0.0,align,0.7417976782752901,0.758
linear,135,4,1,2,0.15,0.1,proposed,0.8031929242675514,0.8000000000000002
linear,135,4,1,2,0.15,0.1,proposed_uniform,0.8034273079049199,0.8000000000000002
linear,135,4,1,2,0.15,0.1,interpolate,0.7982045328911,0.8
linear,135,4,1,2,0.15,0.1,omit,0.7392548369264789,0.7179999999999999
linear,135,4,1,2,0.15,0.1,align,0.7451630735212825,0.7599999999999999
linear,135,4,1,5,0.05,0.0,proposed,0.839469320066335,0.9079999999999999
linear,135,4,1,5,0.05,0.0,proposed_uniform,0.8397479270315091,0.9079999999999999
linear,135,4,1,5,0.05,0.0,interpolate,0.8393322277501383,0.9
linear,135,4,1,5,0.05,0.0,omit,0.7497578772802654,0.752
linear,135,4,1,5,0.05,0.0,align,0.8362012161415145,0.89
linear,135,4,1,5,0.05,0.1,proposed,0.8454483139856275,0.88
linear,135,4,1,5,0.05,0.1,proposed_uniform,0.8458640132669984,0.88
linear,135,4,1,5,0.05,0.1,interpolate,0.8454792703150913,0.878
linear,135,4,1,5,0.05,0.1,omit,0.7550248756218905,0.7339999999999999
linear,135,4,1,5,0.05,0.1,align,0.8418706467661692,0.8900000000000001
linear,135,4,1,5,0.15,0.0,proposed,0.8221558872305141,0.8319999999999999
linear,135,4,1,5,0.15,0.0,proposed_uniform,0.8231730237700385,0.838
linear,135,4,1,5,0.15,0.0,interpolate,0.8219303482587066,0.8419999999999999
linear,135,4,1,5,0.15,0.0,omit,0.7357258153676065,0.7020000000000002
linear,135,4,1,5,0.15,0.0,align,0.8042365948037589,0.834
linear,135,4,1,5,0.15,0.1,proposed,0.8183217247097844,0.83
linear,135,4,1,5,0.15,0.1,proposed_uniform,0.8186224433388612,0.84
linear,135,4,1,5,0.15,0.1,interpolate,0.8157125483692649,0.818
linear,135,4,1,5,0.15,0.1,omit,0.7368048645660588,0.7300000000000001
linear,135,4,1,5,0.15,0.1,align,0.8026666666666666,0.8240000000000001
linear,135,4,2,1,0.05,0.0,proposed,0.8124842454394694,0.838
linear,135,4,2,1,0.05,0.0,proposed_uniform,0.8124930901050305,0.836
linear,135,4,2,1,0.05,0.0,interpolate,0.8124842454394694,0.838
linear,135,4,2,1,0.05,0.0,omit,0.7054195688225537,0.682
linear,135,4,2,1,0.05,0.0,align,0.7699679380873411,0.804
linear,135,4,2,1,0.05,0.1,proposed,0.8163626312880045,0.8600000000000001
linear,135,4,2,1,0.05,0.1,proposed_uniform,0.8165439469320067,0.862
linear,135,4,2,1,0.05,0.1,interpolate,0.8166810392482035,0.868
linear,135,4,2,1,0.05,0.1,omit,0.7074538419016031,0.65
linear,135,4,2,1,0.05,0.1,align,0.778211166390271,0.828
linear,135,4,2,1,0.15,0.0,proposed,0.759942509673853,0.746
linear,135,4,2,1,0.15,0.0,proposed_uniform,0.7596594803758983,0.746
linear,135,4,2,1,0.15,0.0,interpolate,0.759942509673853,0.746
linear,135,4,2,1,0.15,0.0,omit,0.6945494748479822,0.66
linear,135,4,2,1,0.15,0.0,align,0.6667374239911552,0.672
linear,135,4,2,1,0.15,0.1,proposed,0.7660541735765615,0.7539999999999999
linear,135,4,2,1,0.15,0.1,proposed_uniform,0.7655942509673853,0.7539999999999998
linear,135,4,2,1,0.15,0.1,interpolate,0.7647805417357657,0.764
linear,135,4,2,1,0.15,0.1,omit,0.6991929242675511,0.624
linear,135,4,2,1,0.15,0.1,align,0.68628413488115,0.6480000000000001
linear,135,4,2,2,0.05,0.0,proposed,0.8302531785516859,0.892
linear,135,4,2,2,0.05,0.0,proposed_uniform,0.8301514648977336,0.892
linear,135,4,2,2,0.05,0.0,interpolate,0.8341625207296849,0.8819999999999999
linear,135,4,2,2,0.05,0.0,omit,0.6996086235489223,0.686
linear,135,4,2,2,0.05,0.0,align,0.812382531785517,0.88
linear,135,4,2,2,0.05,0.1,proposed,0.8334814814814816,0.8700000000000001
linear,135,4,2,2,0.05,0.1,proposed_uniform,0.8338396904367055,0.8700000000000001
linear,135,4,2,2,0.05,0.1,interpolate,0.8383770038695411,0.8759999999999999
linear,135,4,2,2,0.05,0.1,omit,0.698980652294085,0.6460000000000001
linear,135,4,2,2,0.05,0.1,align,0.8150182421227199,0.8539999999999999
linear,135,4,2,2,0.15,0.0,proposed,0.8010348258706469,0.8259999999999998
linear,135,4,2,2,0.15,0.0,proposed_uniform,0.800822553897181,0.8259999999999998
linear,135,4,2,2,0.15,0.0,interpolate,0.790399115533444,0.8100000000000002
linear,135,4,2,2,0.15,0.0,omit,0.69387728026534,0.6579999999999999
linear,135,4,2,2,0.15,0.0,align,0.7488291873963517,0.7699999999999999
linear,135,4,2,2,0.15,0.1,proposed,0.8020873410724159,0.7959999999999999
linear,135,4,2,2,0.15,0.1,proposed_uniform,0.8017512437810944,0.794
linear,135,4,2,2,0.15,0.1,interpolate,0.7944941956882257,0.792
linear,135,4,2,2,0.15,0.1,omit,0.7026644555002765,0.624
linear,135,4,2,2,0.15,0.1,align,0.7543305693753456,0.742
linear,135,4,2,5,0.05,0.0,proposed,0.8459701492537313,0.8919999999999999
linear,135,4,2,5,0.05,0.0,proposed_uniform,0.8463770038695411,0.894
linear,135,4,2,5,0.05,0.0,interpolate,0.8450016583747927,0.892
linear,135,4,2,5,0.05,0.0,omit,0.7032349364289664,0.6659999999999999
linear,135,4,2,5,0.05,0.0,align,0.8430823659480375,0.892
linear,135,4,2,5,0.05,0.1,proposed,0.8447540077390822,0.8760000000000001
linear,135,4,2,5,0.05,0.1,proposed_uniform,0.8450945273631842,0.8739999999999999
linear,135,4,2,5,0.05,0.1,interpolate,0.8456119402985075,0.878
linear,135,4,2,5,0.05,0.1,omit,0.7035312327252625,0.684
linear,135,4,2,5,0.05,0.1,align,0.843272526257601,0.8719999999999999
linear,135,4,2,5,0.15,0.0,proposed,0.8290635710337203,0.85
linear,135,4,2,5,0.15,0.0,proposed_uniform,0.8299701492537314,0.848
linear,135,4,2,5,0.15,0.0,interpolate,0.8258352681039247,0.8579999999999999
linear,135,4,2,5,0.15,0.0,omit,0.7030757324488667,0.65
linear,135,4,2,5,0.15,0.0,align,0.8151420674405749,0.834
linear,135,4,2,5,0.15,0.1,proposed,0.8272061912658928,0.8539999999999999
linear,135,4,2,5,0.15,0.1,proposed_uniform,0.8278651188501935,0.856
linear,135,4,2,5,0.15,0.1,interpolate,0.8227440574903262,0.852
linear,135,4,2,5,0.15,0.1,omit,0.6971984521835268,0.6740000000000002
linear,135,4,2,5,0.15,0.1,align,0.8152835820895522,0.8299999999999998
