ISO3,Country,baseline_rank,b1,top10_acceptability,expected_rank,b2,b3,b4,b5,b6,b7,b8,b9,b10,central_w_policy,central_w_share,central_w_co2
CRI,Costa Rica,5,0.2853,0.8656999999999999,5.2112,0.1434,0.0837,0.0587,0.1596,0.0458,0.0369,0.0097,0.0159,0.0267,0.13450427321495517,0.46548801947380947,0.4000077073112351
NOR,Norway,2,0.1149,0.8178,7.1912,0.1629,0.1108,0.1307,0.0942,0.0427,0.0539,0.0624,0.025,0.0203,0.24890108900016747,0.6444497017341448,0.10664920926568737
DNK,Denmark,3,0.2107,0.7332,7.456300000000001,0.2643,0.0514,0.0771,0.0684,0.0184,0.0115,0.0121,0.0054,0.0139,0.44783599054374973,0.11517400428518448,0.436990005171066
MOZ,Mozambique,7,0.0554,0.7421000000000001,7.980700000000001,0.0873,0.0636,0.0354,0.0367,0.0952,0.1952,0.0993,0.035,0.039,0.13027454130436913,0.07129014327501988,0.7984353154206111
AUT,Austria,1,0.2737,0.7312000000000001,8.4108,0.2082,0.1079,0.0328,0.027,0.0321,0.0068,0.015,0.0127,0.015,0.5946711402790409,0.27259540280657385,0.13273345691438665
BRA,Brazil,6,0.0,0.7170000000000001,8.5719,0.0,0.0341,0.0798,0.0547,0.2695,0.1627,0.0249,0.0524,0.0389,,,
NZL,New Zealand,4,0.0,0.7489,9.128800000000002,0.0,0.1481,0.2383,0.1433,0.0653,0.0611,0.0192,0.0366,0.037,,,
URY,Uruguay,8,0.0,0.5867000000000001,13.889600000000002,0.0,0.0,0.0,0.0119,0.056,0.0582,0.2773,0.1038,0.0795,,,
NIC,Nicaragua,14,0.0,0.186,16.9358,0.011,0.0114,0.0104,0.0231,0.016,0.0112,0.0363,0.0367,0.0299,,,
HRV,Croatia,11,0.0,0.011399999999999999,19.0591,0.0,0.0,0.0,0.0,0.0,0.0,0.0,0.0001,0.0113,,,
PRT,Portugal,12,0.0,0.38670000000000004,19.186700000000002,0.0,0.0,0.0,0.0,0.0,0.0009,0.0549,0.2173,0.1136,,,
UGA,Uganda,13,0.005,0.4959,19.5152,0.0355,0.0502,0.0686,0.0311,0.0357,0.0652,0.0354,0.0339,0.1353,0.029277261012237873,0.11752744510408228,0.8531952938836797
ALB,Albania,10,0.0034,0.4472,20.1554,0.0163,0.1003,0.0199,0.0382,0.0332,0.0446,0.0239,0.1217,0.0457,0.014857893168040412,0.954206213288947,0.030935893543012575
ROU,Romania,17,0.0,0.33430000000000004,22.678599999999996,0.0,0.0,0.002,0.0154,0.0396,0.0991,0.0478,0.0338,0.0966,,,
SLV,El Salvador,19,0.0,0.0117,23.8447,0.0,0.0,0.0,0.0,0.0,0.0,0.0036,0.0047,0.0034,,,
SWE,Sweden,18,0.0,0.0,25.1057,0.0,0.0,0.0,0.0,0.0,0.0,0.0,0.0,0.0,,,
DEU,Germany,15,0.0,0.376,25.290800000000004,0.0,0.1424,0.0438,0.0443,0.0088,0.0233,0.077,0.0126,0.0238,,,
FIN,Finland,16,0.0,0.0056,25.744799999999998,0.0,0.0,0.0,0.0,0.0,0.0,0.0,0.0,0.0056,,,
GBR,United Kingdom,23,0.0,0.26809999999999995,26.1328,0.0006,0.0084,0.0375,0.0717,0.0594,0.0231,0.0209,0.0289,0.0176,,,
NPL,Nepal,21,0.0011,0.2757,27.9107,0.0108,0.0504,0.0734,0.0596,0.0204,0.016,0.0127,0.019,0.0123,0.006743296512339836,0.9378597677782988,0.055396935709361224
PRY,Paraguay,20,0.0,0.2502,28.5736,0.0004,0.0033,0.0404,0.0652,0.0526,0.0341,0.0187,0.0178,0.0177,,,
ESP,Spain,22,0.0,0.0758,29.3932,0.0,0.0,0.0,0.0,0.0,0.0,0.0,0.0182,0.0576,,,
CHE,Switzerland,24,0.0,0.0,29.631800000000005,0.0,0.0,0.0,0.0,0.0,0.0,0.0,0.0,0.0,,,
COL,Colombia,27,0.0,0.0,29.718300000000003,0.0,0.0,0.0,0.0,0.0,0.0,0.0,0.0,0.0,,,
COD,"Congo, Dem. Rep.",26,0.0501,0.2693,30.194499999999998,0.0349,0.0223,0.028,0.0239,0.0481,0.023,0.0159,0.0112,0.0119,0.014622533599037583,0.4262985405356931,0.5590789258652691
CHL,Chile,25,0.0,0.0,30.3908,0.0,0.0,0.0,0.0,0.0,0.0,0.0,0.0,0.0,,,
CAN,Canada,9,0.0,0.0739,31.858200000000004,0.0,0.0,0.0,0.0,0.0,0.0,0.0036,0.0379,0.0324,,,
ITA,Italy,28,0.0,0.0,32.3925,0.0,0.0,0.0,0.0,0.0,0.0,0.0,0.0,0.0,,,
IRL,Ireland,29,0.0,0.0,34.534400000000005,0.0,0.0,0.0,0.0,0.0,0.0,0.0,0.0,0.0,,,
PER,Peru,31,0.0,0.0,34.760400000000004,0.0,0.0,0.0,0.0,0.0,0.0,0.0,0.0,0.0,,,
GRC,Greece,30,0.0,0.0,36.6785,0.0,0.0,0.0,0.0,0.0,0.0,0.0,0.0,0.0,,,
TUR,Turkiye,33,0.0,0.0,38.664,0.0,0.0,0.0,0.0,0.0,0.0,0.0,0.0,0.0,,,
ECU,Ecuador,32,0.0,0.0,39.3099,0.0,0.0,0.0,0.0,0.0,0.0,0.0,0.0,0.0,,,
ZMB,Zambia,36,0.0,0.0224,39.317099999999996,0.0,0.0,0.0,0.0,0.0,0.0017,0.0014,0.0075,0.0118,,,
AGO,Angola,37,0.0,0.0,39.446200000000005,0.0,0.0,0.0,0.0,0.0,0.0,0.0,0.0,0.0,,,
TJK,Tajikistan,34,0.0,0.1026,41.053,0.0,0.0,0.0,0.0,0.0,0.0041,0.022,0.0447,0.0318,,,
ARM,Armenia,44,0.0,0.0103,41.2517,0.0,0.0,0.0,0.0001,0.0011,0.001,0.0026,0.0029,0.0026,,,
AFG,Afghanistan,38,0.0,0.0424,42.4967,0.0,0.0,0.0001,0.0018,0.0029,0.0016,0.0105,0.0117,0.0138,,,
BEL,Belgium,40,0.0,0.11910000000000001,43.2789,0.0,0.0,0.0133,0.0117,0.0311,0.0212,0.0158,0.0097,0.0163,,,
PAN,Panama,35,0.0,0.0,43.466699999999996,0.0,0.0,0.0,0.0,0.0,0.0,0.0,0.0,0.0,,,
SVK,Slovak Republic,41,0.0,0.0556,44.03189999999999,0.0,0.0,0.0,0.0,0.0,0.0074,0.0308,0.0129,0.0045,,,
ETH,Ethiopia,39,0.0004,0.1804,44.960899999999995,0.0244,0.0116,0.0084,0.0153,0.0199,0.0305,0.0372,0.0139,0.0188,0.00029306376870072046,0.925373825899477,0.07433311033182213
GHA,Ghana,48,0.0,0.0051,47.2343,0.0,0.0,0.0,0.0,0.0002,0.0017,0.0016,0.001,0.0006,,,
MDG,Madagascar,50,0.0,0.011600000000000003,47.482699999999994,0.0,0.0001,0.0009,0.0016,0.0033,0.0012,0.0018,0.0011,0.0016,,,
VNM,Viet Nam,46,0.0,0.0,49.716499999999996,0.0,0.0,0.0,0.0,0.0,0.0,0.0,0.0,0.0,,,
GTM,Guatemala,45,0.0,0.0,49.799899999999994,0.0,0.0,0.0,0.0,0.0,0.0,0.0,0.0,0.0,,,
MRT,Mauritania,57,0.0,0.004,49.939099999999996,0.0,0.0,0.0,0.0,0.0,0.0,0.001,0.0017,0.0013,,,
LAO,Lao PDR,42,0.0,0.0,51.2451,0.0,0.0,0.0,0.0,0.0,0.0,0.0,0.0,0.0,,,
HND,Honduras,47,0.0,0.0,51.548,0.0,0.0,0.0,0.0,0.0,0.0,0.0,0.0,0.0,,,
FRA,France,55,0.0,0.0,51.8271,0.0,0.0,0.0,0.0,0.0,0.0,0.0,0.0,0.0,,,
GEO,Georgia,43,0.0,0.0,53.6762,0.0,0.0,0.0,0.0,0.0,0.0,0.0,0.0,0.0,,,
HUN,Hungary,59,0.0,0.0,54.072199999999995,0.0,0.0,0.0,0.0,0.0,0.0,0.0,0.0,0.0,,,
SLE,Sierra Leone,49,0.0,0.0048000000000000004,54.22699999999999,0.0,0.0,0.0,0.0005,0.0007,0.0005,0.0013,0.001,0.0008,,,
ZWE,Zimbabwe,52,0.0,0.0,54.753699999999995,0.0,0.0,0.0,0.0,0.0,0.0,0.0,0.0,0.0,,,
BGR,Bulgaria,54,0.0,0.0,55.240700000000004,0.0,0.0,0.0,0.0,0.0,0.0,0.0,0.0,0.0,,,
KHM,Cambodia,56,0.0,0.0,57.8348,0.0,0.0,0.0,0.0,0.0,0.0,0.0,0.0,0.0,,,
AUS,Australia,51,0.0,0.0,59.6249,0.0,0.0,0.0,0.0,0.0,0.0,0.0,0.0,0.0,,,
MAR,Morocco,67,0.0,0.0,59.806,0.0,0.0,0.0,0.0,0.0,0.0,0.0,0.0,0.0,,,
BIH,Bosnia and Herzegovina,58,0.0,0.0,60.465999999999994,0.0,0.0,0.0,0.0,0.0,0.0,0.0,0.0,0.0,,,
ARG,Argentina,61,0.0,0.0,60.6524,0.0,0.0,0.0,0.0,0.0,0.0,0.0,0.0,0.0,,,
RWA,Rwanda,60,0.0,0.0017000000000000001,61.405800000000006,0.0,0.0,0.0,0.0,0.0004,0.0004,0.0004,0.0003,0.0002,,,
USA,United States,53,0.0,0.0,63.0602,0.0,0.0,0.0,0.0,0.0,0.0,0.0,0.0,0.0,,,
POL,Poland,62,0.0,0.0,63.7697,0.0,0.0,0.0,0.0,0.0,0.0,0.0,0.0,0.0,,,
BOL,Bolivia,66,0.0,0.0,64.4565,0.0,0.0,0.0,0.0,0.0,0.0,0.0,0.0,0.0,,,
CZE,Czechia,65,0.0,0.0121,64.52210000000001,0.0,0.0,0.0,0.0,0.0,0.0,0.0003,0.0067,0.0051,,,
JOR,Jordan,73,0.0,0.0,64.6951,0.0,0.0,0.0,0.0,0.0,0.0,0.0,0.0,0.0,,,
MWI,Malawi,64,0.0,0.0058,65.2309,0.0,0.0,0.0,0.0,0.0004,0.0009,0.0002,0.0018,0.0025,,,
KGZ,Kyrgyz Republic,63,0.0,0.0,67.1385,0.0,0.0,0.0,0.0,0.0,0.0,0.0,0.0,0.0,,,
PAK,Pakistan,70,0.0,0.0,67.219,0.0,0.0,0.0,0.0,0.0,0.0,0.0,0.0,0.0,,,
BDI,Burundi,68,0.0,0.0017000000000000001,69.53980000000001,0.0,0.0,0.0004,0.0001,0.0,0.0001,0.0001,0.0004,0.0006,,,
DOM,Dominican Republic,74,0.0,0.0,69.6799,0.0,0.0,0.0,0.0,0.0,0.0,0.0,0.0,0.0,,,
THA,Thailand,75,0.0,0.0,71.0017,0.0,0.0,0.0,0.0,0.0,0.0,0.0,0.0,0.0,,,
KEN,Kenya,71,0.0,0.002,71.4031,0.0,0.0,0.0,0.0,0.0001,0.0004,0.0007,0.0003,0.0005,,,
IND,India,76,0.0,0.0,71.7901,0.0,0.0,0.0,0.0,0.0,0.0,0.0,0.0,0.0,,,
TGO,Togo,77,0.0,0.0004,72.24260000000001,0.0,0.0,0.0,0.0,0.0,0.0,0.0,0.0,0.0004,,,
EGY,"Egypt, Arab Rep.",86,0.0,0.0,74.64540000000002,0.0,0.0,0.0,0.0,0.0,0.0,0.0,0.0,0.0,,,
PHL,Philippines,78,0.0,0.0,75.31119999999999,0.0,0.0,0.0,0.0,0.0,0.0,0.0,0.0,0.0,,,
VEN,"Venezuela, RB",69,0.0,0.0,78.5404,0.0,0.0,0.0,0.0,0.0,0.0,0.0,0.0,0.0,,,
LKA,Sri Lanka,79,0.0,0.0,78.6534,0.0,0.0,0.0,0.0,0.0,0.0,0.0,0.0,0.0,,,
IRN,"Iran, Islamic Rep.",92,0.0,0.0,78.9615,0.0,0.0,0.0,0.0,0.0,0.0,0.0,0.0,0.0,,,
MLI,Mali,81,0.0,0.0,79.30709999999999,0.0,0.0,0.0,0.0,0.0,0.0,0.0,0.0,0.0,,,
MDA,Moldova,93,0.0,0.0,79.69279999999999,0.0,0.0,0.0,0.0,0.0,0.0,0.0,0.0,0.0,,,
RUS,Russian Federation,72,0.0,0.0,80.4298,0.0,0.0,0.0,0.0,0.0,0.0,0.0,0.0,0.0,,,
PNG,Papua New Guinea,85,0.0,0.0,81.55610000000001,0.0,0.0,0.0,0.0,0.0,0.0,0.0,0.0,0.0,,,
JAM,Jamaica,87,0.0,0.0,81.6288,0.0,0.0,0.0,0.0,0.0,0.0,0.0,0.0,0.0,,,
SDN,Sudan,82,0.0,0.0,81.6383,0.0,0.0,0.0,0.0,0.0,0.0,0.0,0.0,0.0,,,
TUN,Tunisia,104,0.0,0.0062,83.09129999999999,0.0,0.0,0.0,0.0006,0.001,0.0004,0.0015,0.0011,0.0016,,,
TZA,Tanzania,88,0.0,0.0,83.66,0.0,0.0,0.0,0.0,0.0,0.0,0.0,0.0,0.0,,,
MKD,North Macedonia,80,0.0,0.0,83.91380000000001,0.0,0.0,0.0,0.0,0.0,0.0,0.0,0.0,0.0,,,
YEM,"Yemen, Rep.",94,0.0,0.001,85.7273,0.0,0.0,0.0,0.0,0.0001,0.0001,0.0001,0.0005,0.0002,,,
MYS,Malaysia,83,0.0,0.0,86.26670000000001,0.0,0.0,0.0,0.0,0.0,0.0,0.0,0.0,0.0,,,
MEX,Mexico,90,0.0,0.0,87.7544,0.0,0.0,0.0,0.0,0.0,0.0,0.0,0.0,0.0,,,
MMR,Myanmar,91,0.0,0.0,87.8929,0.0,0.0,0.0,0.0,0.0,0.0,0.0,0.0,0.0,,,
ISR,Israel,99,0.0,0.0,88.3209,0.0,0.0,0.0,0.0,0.0,0.0,0.0,0.0,0.0,,,
JPN,Japan,89,0.0,0.0,90.23859999999999,0.0,0.0,0.0,0.0,0.0,0.0,0.0,0.0,0.0,,,
NLD,Netherlands,84,0.0,0.0,90.7496,0.0,0.0,0.0,0.0,0.0,0.0,0.0,0.0,0.0,,,
CMR,Cameroon,98,0.0,0.0,92.1604,0.0,0.0,0.0,0.0,0.0,0.0,0.0,0.0,0.0,,,
KOR,"Korea, Rep.",96,0.0,0.0,92.394,0.0,0.0,0.0,0.0,0.0,0.0,0.0,0.0,0.0,,,
GIN,Guinea,100,0.0,0.0,92.7097,0.0,0.0,0.0,0.0,0.0,0.0,0.0,0.0,0.0,,,
LBN,Lebanon,102,0.0,0.0,94.4767,0.0,0.0,0.0,0.0,0.0,0.0,0.0,0.0,0.0,,,
NGA,Nigeria,101,0.0,0.0,95.1723,0.0,0.0,0.0,0.0,0.0,0.0,0.0,0.0,0.0,,,
ZAF,South Africa,103,0.0,0.0,96.6987,0.0,0.0,0.0,0.0,0.0,0.0,0.0,0.0,0.0,,,
BLR,Belarus,111,0.0,0.0,97.90629999999999,0.0,0.0,0.0,0.0,0.0,0.0,0.0,0.0,0.0,,,
SEN,Senegal,105,0.0,0.0,99.13759999999999,0.0,0.0,0.0,0.0,0.0,0.0,0.0,0.0,0.0,,,
ARE,United Arab Emirates,107,0.0,0.0,99.5821,0.0,0.0,0.0,0.0,0.0,0.0,0.0,0.0,0.0,,,
SGP,Singapore,108,0.0,0.0,99.7325,0.0,0.0,0.0,0.0,0.0,0.0,0.0,0.0,0.0,,,
CHN,China,95,0.0,0.0,99.7697,0.0,0.0,0.0,0.0,0.0,0.0,0.0,0.0,0.0,,,
KAZ,Kazakhstan,97,0.0,0.0,100.02780000000001,0.0,0.0,0.0,0.0,0.0,0.0,0.0,0.0,0.0,,,
IDN,Indonesia,106,0.0,0.0,102.3449,0.0,0.0,0.0,0.0,0.0,0.0,0.0,0.0,0.0,,,
LBR,Liberia,109,0.0,0.0,104.48750000000001,0.0,0.0,0.0,0.0,0.0,0.0,0.0,0.0,0.0,,,
NER,Niger,118,0.0,0.0004,105.90620000000001,0.0,0.0,0.0001,0.0,0.0,0.0,0.0001,0.0002,0.0,,,
CIV,Cote d'Ivoire,110,0.0,0.0,106.39089999999999,0.0,0.0,0.0,0.0,0.0,0.0,0.0,0.0,0.0,,,
AZE,Azerbaijan,112,0.0,0.0,106.9149,0.0,0.0,0.0,0.0,0.0,0.0,0.0,0.0,0.0,,,
MDV,Maldives,116,0.0,0.0,108.4328,0.0,0.0,0.0,0.0,0.0,0.0,0.0,0.0,0.0,,,
COG,"Congo, Rep.",115,0.0,0.0,108.6332,0.0,0.0,0.0,0.0,0.0,0.0,0.0,0.0,0.0,,,
HTI,Haiti,114,0.0,0.0,108.9379,0.0,0.0,0.0,0.0,0.0,0.0,0.0,0.0,0.0,,,
DZA,Algeria,123,0.0,0.0,109.11670000000001,0.0,0.0,0.0,0.0,0.0,0.0,0.0,0.0,0.0,,,
UZB,Uzbekistan,113,0.0,0.0,110.4526,0.0,0.0,0.0,0.0,0.0,0.0,0.0,0.0,0.0,,,
BFA,Burkina Faso,117,0.0,0.0,113.23570000000001,0.0,0.0,0.0,0.0,0.0,0.0,0.0,0.0,0.0,,,
TCD,Chad,119,0.0,0.0,113.69200000000001,0.0,0.0,0.0,0.0,0.0,0.0,0.0,0.0,0.0,,,
SOM,"Somalia, Fed. Rep.",120,0.0,0.0,115.3295,0.0,0.0,0.0,0.0,0.0,0.0,0.0,0.0,0.0,,,
OMN,Oman,122,0.0,0.0,115.56559999999999,0.0,0.0,0.0,0.0,0.0,0.0,0.0,0.0,0.0,,,
BEN,Benin,127,0.0,0.0,116.5228,0.0,0.0,0.0,0.0,0.0,0.0,0.0,0.0,0.0,,,
BGD,Bangladesh,126,0.0,0.0,118.08680000000001,0.0,0.0,0.0,0.0,0.0,0.0,0.0,0.0,0.0,,,
ERI,Eritrea,124,0.0,0.0,119.9231,0.0,0.0,0.0,0.0,0.0,0.0,0.0,0.0,0.0,,,
SLB,Solomon Islands,129,0.0,0.0,120.5758,0.0,0.0,0.0,0.0,0.0,0.0,0.0,0.0,0.0,,,
MNG,Mongolia,121,0.0,0.0,121.6625,0.0,0.0,0.0,0.0,0.0,0.0,0.0,0.0,0.0,,,
KWT,Kuwait,128,0.0,0.0,123.4871,0.0,0.0,0.0,0.0,0.0,0.0,0.0,0.0,0.0,,,
QAT,Qatar,125,0.0,0.0,125.21679999999999,0.0,0.0,0.0,0.0,0.0,0.0,0.0,0.0,0.0,,,
BHR,Bahrain,130,0.0,0.0,125.88839999999999,0.0,0.0,0.0,0.0,0.0,0.0,0.0,0.0,0.0,,,
SAU,Saudi Arabia,131,0.0,0.0,127.03379999999999,0.0,0.0,0.0,0.0,0.0,0.0,0.0,0.0,0.0,,,
TKM,Turkmenistan,132,0.0,0.0,131.3088,0.0,0.0,0.0,0.0,0.0,0.0,0.0,0.0,0.0,,,
