criterion,year,entropy,weight
Policy (RISE RE pillar),2015,0.9286973067399057,0.2928582487560336
Policy (RISE RE pillar),2017,0.94220892143542,0.23736261967564928
Policy (RISE RE pillar),2019,0.9543187489370414,0.18762448619553118
Policy (RISE RE pillar),2021,0.9669758173904908,0.13563869530624154
Policy (RISE RE pillar),2023,0.9643275137726819,0.14651595006654441
Renewable electricity share,2016,0.9221343028151172,0.13392047847918453
Renewable electricity share,2017,0.9246895168779247,0.12952578990283475
Renewable electricity share,2018,0.9318517650952121,0.11720750671879833
Renewable electricity share,2019,0.9339467912102568,0.11360429105520506
Renewable electricity share,2020,0.9357324659558387,0.1105331258954208
Renewable electricity share,2021,0.9378639177860192,0.10686726198778315
Renewable electricity share,2022,0.942086097549519,0.09960557481877902
Renewable electricity share,2023,0.9438635904336283,0.09654848156540374
Renewable electricity share,2024,0.9463992122106921,0.0921874895765906
CO2 per capita (cost),2016,0.9967104863157987,0.1178096332597351
CO2 per capita (cost),2017,0.9968648265511626,0.1122821394503109
CO2 per capita (cost),2018,0.9969386509740925,0.1096382142303748
CO2 per capita (cost),2019,0.9969349406713748,0.10977109387290605
CO2 per capita (cost),2020,0.9972703998541429,0.09775706168166494
CO2 per capita (cost),2021,0.9967362180839741,0.11688808361353072
CO2 per capita (cost),2022,0.9969342991530238,0.10979406901419314
CO2 per capita (cost),2023,0.9967667122492839,0.11579597493832705
CO2 per capita (cost),2024,0.9969211851487085,0.11026372993895729
