p_sparse,sigma,theta,entropy_active_for_sparse,tau,se
2,0.05,1,True,0.8209740187949143,0.0015335996358651596
2,0.05,2,False,0.8213576561636264,0.0015282096949806058
2,0.05,3,False,0.8213576561636264,0.0015282096949806058
2,0.05,4,False,0.8213576561636264,0.0015282096949806058
2,0.15,1,True,0.7719535655058044,0.001619806868842342
2,0.15,2,False,0.7724378109452738,0.0016171305720702818
2,0.15,3,False,0.7724378109452738,0.0016171305720702818
2,0.15,4,False,0.7724378109452738,0.0016171305720702818
3,0.05,1,True,0.8349618573797679,0.0013736804931141617
3,0.05,2,True,0.8349618573797679,0.0013736804931141617
3,0.05,3,False,0.8351774461028194,0.0013638892915476934
3,0.05,4,False,0.8351774461028194,0.0013638892915476934
3,0.15,1,True,0.7895024875621891,0.0014013138885304894
3,0.15,2,True,0.7895024875621891,0.0014013138885304894
3,0.15,3,False,0.7901017136539525,0.0013864969620783947
3,0.15,4,False,0.7901017136539525,0.0013864969620783947
4,0.05,1,True,0.8379491431730237,0.001379299946095206
4,0.05,2,True,0.8379491431730237,0.001379299946095206
4,0.05,3,True,0.8379491431730237,0.001379299946095206
4,0.05,4,False,0.8382410171365396,0.0013795717652616195
4,0.15,1,True,0.8031332227750139,0.001348551488772494
4,0.15,2,True,0.8031332227750139,0.001348551488772494
4,0.15,3,True,0.8031332227750139,0.001348551488772494
4,0.15,4,False,0.8038352681039248,0.0013387202800302727
