p_policy,theta,n_subsets,fallback_active,mean_tau,min_tau
1,2,5,True,0.8394170714781402,0.7571131158917418
1,3,5,True,0.8394170714781402,0.7571131158917418
1,4,5,True,0.8394170714781402,0.7571131158917418
2,2,10,True,0.8957899606754569,0.7853342586167014
2,3,10,True,0.8957899606754569,0.7853342586167014
2,4,10,True,0.8957899606754569,0.7853342586167014
3,2,10,False,0.9315290307656718,0.8433957899606754
3,3,10,True,0.9213740458015266,0.8332176729123293
3,4,10,True,0.9213740458015266,0.8332176729123293
4,2,5,False,0.959472588480222,0.9234328012953966
4,3,5,False,0.959472588480222,0.9234328012953966
4,4,5,True,0.9431876012028683,0.8922044876243349
5,2,1,False,1.0,1.0
5,3,1,False,1.0,1.0
5,4,1,False,1.0,1.0
