p_annual,theta,n_subsets,fallback_active,mean_tau,min_tau,mean_top10
2,2,36,True,0.9375883517104892,0.8693037242655564,8.75
2,3,36,True,0.9375883517104892,0.8693037242655564,8.75
2,4,36,True,0.9375883517104892,0.8693037242655564,8.75
3,2,84,False,0.9511747794190542,0.8894286375202405,9.095238095238095
3,3,84,True,0.9520229558397495,0.8887346749942169,9.083333333333334
3,4,84,True,0.9520229558397495,0.8887346749942169,9.083333333333334
4,2,126,False,0.9620578742716147,0.9123294008790193,9.373015873015873
4,3,126,False,0.9620578742716147,0.9123294008790193,9.373015873015873
4,4,126,True,0.9625462182714091,0.9086282674068934,9.301587301587302
5,2,126,False,0.9700366074411875,0.926208651399491,9.507936507936508
5,3,126,False,0.9700366074411875,0.926208651399491,9.507936507936508
5,4,126,False,0.9700366074411875,0.926208651399491,9.507936507936508
6,2,84,False,0.9760335084762565,0.9426324311820494,9.619047619047619
6,3,84,False,0.9760335084762565,0.9426324311820494,9.619047619047619
6,4,84,False,0.9760335084762565,0.9426324311820494,9.619047619047619
7,2,36,False,0.9816871000077106,0.9583622484385842,9.777777777777779
7,3,36,False,0.9816871000077106,0.9583622484385842,9.777777777777779
7,4,36,False,0.9816871000077106,0.9583622484385842,9.777777777777779
8,2,9,False,0.9879456138998122,0.9791811242192922,9.88888888888889
8,3,9,False,0.9879456138998122,0.9791811242192922,9.88888888888889
8,4,9,False,0.9879456138998122,0.9791811242192922,9.88888888888889
