ISO3,Country,RISE_RE_2015,RISE_RE_2017,RISE_RE_2019,RISE_RE_2021,RISE_RE_2023,REshare_2016,REshare_2017,REshare_2018,REshare_2019,REshare_2020,REshare_2021,REshare_2022,REshare_2023,REshare_2024,CO2pc_2016,CO2pc_2017,CO2pc_2018,CO2pc_2019,CO2pc_2020,CO2pc_2021,CO2pc_2022,CO2pc_2023,CO2pc_2024
AFG,Afghanistan,12.57936507936508,12.57936507936508,13.134920634920636,15.634920634920636,12.1164021164021,87.603,86.508,82.906,87.671,89.831,87.736,86.458,86.598,86.869,0.21935347999049698,0.29132839071829963,0.3214187046422589,0.3197527818552778,0.31082460588488886,0.31215678478511666,0.27842095641861836,0.2809954687713674,0.28298029811459957
AGO,Angola,14.555555555555555,15.666666666666668,22.25925925925926,22.25925925925926,28.25925925925926,58.561,71.415,79.452,73.198,75.61,75.43,75.563,74.032,73.701,1.0716761464780777,0.9259219141203299,0.8248097950117191,0.8338462705531123,0.613970253682297,0.7402925522557362,0.7488109522795674,0.7438386373015484,0.741712294740973
ALB,Albania,8.523809523809524,35.6957671957672,35.6957671957672,35.6957671957672,51.01058201058201,100.0,100.0,100.0,100.0,100.0,100.0,100.0,100.0,100.0,1.6873962852890292,2.0244422333698977,2.045493154398859,1.9409603781601457,1.8064607985825474,2.053288627587697,1.8452576157308835,1.7509116135040708,1.7852214941728
ARE,United Arab Emirates,44.56878306878308,55.95767195767196,59.1851851851852,59.1851851851852,53.88888888888889,0.247,0.557,0.882,2.644,3.772,4.193,4.986,8.757,8.812,23.774845147141694,22.163906876390847,20.037583314155444,20.945786930361002,20.814105846609706,20.826927864957128,19.373145963509394,18.38048232927318,18.25520643704944
ARG,Argentina,18.769841269841272,31.1031746031746,33.91798941798942,33.91798941798942,49.62169312169313,21.396,23.13,23.995,24.927,25.318,24.185,29.03,34.767,34.385,4.4223010437306,4.321029104948974,4.2507580694088505,4.075040693440009,3.7200285493228717,4.0976970459730335,4.295311670849198,4.169904867762045,4.010665316531308
ARM,Armenia,38.6005291005291,47.75925925925926,49.90740740740741,51.85185185185185,36.26719576719577,32.817,29.88,30.435,32.176,25.131,32.254,34.109,27.977,31.894,1.7962436921431675,1.909511982278311,2.004580666891209,2.168675105485232,2.3347965557994264,2.5194612294500898,2.61828101845615,2.5296697365313903,2.470281852645459
AUS,Australia,37.92592592592592,44.5925925925926,51.35185185185185,60.79629629629631,67.9814814814815,16.164,15.133,18.844,20.782,24.243,28.891,32.039,34.81,35.077,16.8911897350521,16.72094453824868,16.393997930879053,16.10070659257735,15.30437851433305,14.978724110012328,14.530502863688033,14.159670084556137,14.098663961980836
AUT,Austria,71.96296296296296,86.96296296296296,87.62962962962963,87.62962962962963,82.42592592592592,78.742,76.092,77.408,77.295,80.284,79.121,78.191,84.756,86.224,7.7574768779127234,7.966419348260643,7.607108223599039,7.745193650393248,7.055866277650977,7.392239908966226,6.92858132698714,6.403595100660213,6.322784246035784
AZE,Azerbaijan,4.166666666666667,18.425925925925927,21.283068783068785,21.283068783068785,11.283068783068783,8.41,7.762,7.76,6.898,5.126,5.47,6.358,6.531,11.746,3.5269689557454074,3.4732986991214663,3.49731397232391,3.6892314392959578,3.508003124107994,3.691568641957042,3.912892402459692,4.1112835014680975,3.8114425115384654
BDI,Burundi,3.346560846560847,5.489417989417989,5.489417989417989,5.489417989417989,10.48941798941799,88.889,75.0,71.429,69.231,75.676,69.231,69.231,76.0,75.51,0.04323164894797797,0.047476431684256616,0.0654752338347002,0.06243810859204513,0.07337698014018505,0.06921455517153587,0.06982157700675853,0.06935998159166365,0.06895748554256166
BEL,Belgium,61.833333333333336,66.27777777777779,73.05555555555556,73.05555555555556,80.59259259259258,16.902,18.514,23.23,20.984,26.56,22.887,25.898,33.435,35.232,8.94429666461985,8.77081443615992,8.791286013000377,8.731279887335516,7.966942968144154,8.287569819082105,7.6776616173853025,7.277630984046955,7.306615193517621
BEN,Benin,10.31746031746032,10.873015873015872,15.476190476190476,17.460317460317462,15.317460317460316,0.0,0.0,0.0,1.852,1.01,1.77,2.02,3.0,3.96,0.6109930361514543,0.601713652575047,0.6662980533453515,0.639872457668903,0.6660893214158133,0.5029814550610034,0.5130563964492608,0.4884262910854017,0.4873286664393236
BFA,Burkina Faso,0.3703703703703703,1.2037037037037035,1.870370370370371,1.870370370370371,25.75925925925926,16.162,14.286,14.439,16.25,18.868,18.129,15.385,15.976,17.16,0.20333226169359628,0.22824505399934766,0.2647971297791674,0.27188784708599656,0.26543052672206735,0.29265873534563813,0.2882619861408559,0.27202991986024705,0.2749908795703692
BGD,Bangladesh,2.5,13.333333333333334,13.333333333333334,15.595238095238097,26.78571428571429,1.795,1.756,1.769,1.398,1.463,1.411,1.555,1.708,1.887,0.5844846139899619,0.6229971046787368,0.643225929977613,0.6629081002713824,0.6261222923490661,0.7024281580738946,0.713556533909868,0.6939475639013666,0.7155393435410917
BGR,Bulgaria,53.902116402116405,53.902116402116405,56.75925925925926,56.75925925925926,65.07407407407408,15.81,13.671,20.168,17.132,18.61,21.834,19.153,25.075,29.922,6.836256130025809,7.243835055886204,6.901340198289383,6.7459042432768115,6.016933162521967,7.049174458043358,7.647696546548334,5.734902574940325,5.3076021579710435
BHR,Bahrain,6.666666666666667,18.611111111111107,22.18253968253968,27.981481481481485,16.01851851851852,0.035,0.034,0.034,0.06,0.06,0.118,0.224,0.24,0.264,23.49967620174106,22.48467140447507,22.5016316377385,24.833867563130326,25.023841804532523,24.83293615578666,25.467881075075443,24.532373233975395,23.899991817054516
BIH,Bosnia and Herzegovina,14.02116402116402,33.15343915343915,41.12962962962963,41.12962962962963,35.833333333333336,31.677,23.522,34.347,36.682,29.184,39.001,32.049,43.073,40.349,6.7682636611600975,6.996799353220858,7.104871567759079,6.7545290989507505,6.830559604334067,7.091019865900624,6.9890745200483515,6.5395047460450675,6.449357873722486
BLR,Belarus,36.76984126984127,43.43650793650794,43.43650793650794,43.43650793650794,22.47354497354497,1.281,2.26,2.077,2.57,3.503,3.079,3.389,3.21,3.077,6.23725167194174,6.366621210786904,6.7221151874950005,6.50202478662403,6.200468829691239,6.303871450784916,6.057008013917534,5.863875851492292,5.936494299724647
BOL,Bolivia,18.32539682539683,18.32539682539683,22.611111111111114,26.05555555555556,22.425925925925927,20.753,25.13,29.582,36.162,35.638,38.454,35.733,33.307,33.999,1.9106137556104554,1.920149230641891,1.908654641561688,1.8849260918968835,1.571211087329459,1.8320298625491733,1.9360769929736759,1.994755213485875,2.2907337806218564
BRA,Brazil,41.26984126984127,55.55555555555556,62.88888888888889,62.88888888888889,65.0925925925926,80.468,79.247,82.358,81.386,83.167,77.372,87.703,88.995,87.333,2.375335497897594,2.416949553535848,2.2856235035795267,2.258698817850824,2.1466461829,2.4158085886531855,2.2788957721522665,2.274478269893631,2.3182646611493936
CAN,Canada,38.97089947089948,55.73544973544973,56.09259259259259,56.09259259259259,66.87037037037037,64.565,65.819,65.546,65.382,66.595,66.737,68.135,65.397,64.272,15.898242417926847,16.196245321702033,16.523882045563546,16.190860373334978,14.42190488126343,14.689759356884743,14.78390881961581,14.160045292417145,14.00727040880315
CHE,Switzerland,10.857142857142858,37.8015873015873,59.88095238095239,59.88095238095239,76.3068783068783,61.882,62.776,58.651,59.87,62.204,66.587,58.312,63.165,67.449,4.871235342464379,4.71119898152355,4.523891430551955,4.477451465141663,4.160616482640357,4.323039937981831,3.9284669357308486,3.7874647506722487,3.7456879522056434
CHL,Chile,35.98148148148148,40.90740740740741,40.90740740740741,59.90740740740741,67.05555555555557,42.89,43.545,45.866,46.213,48.445,48.888,55.327,63.14,70.041,4.864741057219377,4.836097761997122,4.754061926331025,4.961395463967016,4.517706812129543,4.579917264989386,4.62474983424569,3.917190413368849,3.9374400037318926
CHN,China,0.0,3.333333333333333,9.642857142857142,27.59523809523809,58.41005291005291,24.829,25.242,25.612,26.85,28.088,28.694,30.181,30.606,33.696,7.763224839493007,7.878026521703319,8.217736248538596,8.391475870985156,8.478583020338744,8.887156603132347,8.864825110202348,9.230275535014284,9.315089337993932
CIV,Cote d'Ivoire,0.0,1.1111111111111112,1.1111111111111112,7.111111111111112,28.40740740740741,16.422,21.245,29.88,33.114,30.551,23.877,27.359,30.146,28.916,0.4387749546401697,0.4612212780340617,0.4494291526637267,0.4676052847001893,0.45955018716811213,0.5803223078640106,0.6057015558018388,0.575152377678325,0.5890544409556767
CMR,Cameroon,0.0,0.0,0.0,9.761904761904765,13.854497354497354,61.603,63.354,58.899,61.473,60.114,62.901,64.908,73.269,73.14,0.41363236143897875,0.40878043447276535,0.4252292645808138,0.40269198401401707,0.3963288381727699,0.38449966744388175,0.3775915198660315,0.3641847527518279,0.35341953287324596
COD,"Congo, Dem. Rep.",11.77777777777778,17.69047619047619,17.69047619047619,22.690476190476183,16.394179894179892,99.889,99.894,99.904,99.915,99.92,100.0,100.0,100.0,100.0,0.03562086351590882,0.03737451770083662,0.04621886609270977,0.04783240834104934,0.0482487769194453,0.04667422943093325,0.06101254873093507,0.05804344090826736,0.05682478258201815
COG,"Congo, Rep.",0.0,1.388888888888889,1.388888888888889,3.055555555555556,3.055555555555556,38.721,40.94,35.065,27.763,26.933,26.277,21.818,23.507,20.879,1.0704378102898668,1.0336738235073708,1.171231405196824,1.288915246976807,1.28685363330599,1.2063440663672529,1.3849305662338214,1.2724480562067708,1.335362715797555
COL,Colombia,16.349206349206348,27.682539682539687,35.23809523809524,42.27513227513227,48.92328042328042,65.616,79.1,76.333,69.485,65.325,75.071,74.354,66.99,61.342,1.8654751539245986,1.68289187289759,1.7419160005111733,1.7243873901140268,1.66507219030647,1.8005780358677776,1.7075398280225438,1.7736096483502506,1.7978037173779562
CRI,Costa Rica,40.27777777777778,44.72222222222223,59.38888888888889,60.22222222222223,52.24074074074074,98.25,99.645,98.601,99.124,99.829,100.0,100.0,99.915,99.909,1.6914944283930258,1.7088739119311194,1.7024626559506622,1.6387465039374518,1.42529676301864,1.5915255134992417,1.6131599946081725,1.5860856621013508,1.6328356637835753
CZE,Czechia,56.664021164021165,62.0925925925926,62.0925925925926,63.94444444444444,77.7037037037037,11.451,11.229,10.859,11.736,12.909,12.718,12.863,14.697,16.893,10.392896986390358,10.418749913869899,10.28650429240913,9.724565610338207,8.867158266636181,9.472430964616402,9.153646914323849,7.88005974203708,7.1296653250225495
DEU,Germany,66.3015873015873,77.35714285714286,80.69047619047619,80.69047619047619,85.94179894179894,29.482,33.467,35.258,40.189,44.374,40.167,44.373,54.685,58.642,9.584233838679287,9.369765189402829,9.006578093672646,8.38218043063623,7.721032647673928,8.061281446464339,7.9118286026587406,7.0798283910676245,6.943956633863166
DNK,Denmark,70.91534391534393,76.62962962962963,85.90740740740742,87.01851851851852,89.51851851851852,60.493,70.55,68.686,78.55,82.05,79.283,80.859,86.397,89.19,6.228760075488696,5.818875347355932,5.788748205789939,5.173239919634316,4.765216061174976,5.047882496948384,4.827040724969198,4.407367000776196,4.278205491993297
DOM,Dominican Republic,27.6904761904762,31.02380952380953,39.43650793650794,40.507936507936506,31.24867724867725,11.076,15.833,13.776,12.547,16.162,17.779,18.448,17.264,18.851,2.357159171789985,2.2301537577706916,2.3769684678789837,2.6125745969609264,2.445972584322738,2.667160876689984,2.85936787390744,2.893666329399233,2.9947345701272807
DZA,Algeria,22.73015873015873,27.73015873015873,27.73015873015873,34.3968253968254,19.33862433862434,0.479,0.841,1.068,1.066,1.109,0.946,0.94,0.949,1.069,3.934956252057338,3.9895201883821554,4.112578662739602,4.196519349111549,3.9042310684113524,4.050872388097531,4.160058529305629,4.1282751907922455,3.9808000579651845
ECU,Ecuador,10.555555555555555,13.888888888888893,23.166666666666668,48.92592592592592,40.87037037037037,59.978,73.518,71.912,77.781,79.642,81.196,76.013,73.618,72.443,2.5487879865779988,2.4498376116880207,2.4759895380211567,2.417840209074718,2.0858579972204594,2.3277707947098296,2.4780944369236426,2.602329477566928,2.644749700007907
EGY,"Egypt, Arab Rep.",29.465608465608465,34.68783068783069,41.35449735449736,48.68783068783069,44.18783068783069,8.412,8.022,8.255,9.767,11.964,12.096,11.817,11.702,11.197,2.460760601826035,2.523786415523977,2.4244315219567847,2.203838589286239,2.2520580043434797,2.3579520096648605,2.299748042612987,2.4083000025529144,2.5025138096709836
ERI,Eritrea,2.055555555555556,2.055555555555556,3.7222222222222223,3.7222222222222223,7.425925925925926,0.0,2.941,12.821,12.5,12.195,11.905,11.364,10.204,11.111,0.1911224700755081,0.18604299780309913,0.20518297648429573,0.2078887869059692,0.20402452426433437,0.21249585470405646,0.21994769239703682,0.22020579819559186,0.22004732997454748
ESP,Spain,54.87037037037037,55.24074074074074,61.90740740740741,61.90740740740741,83.33333333333334,38.652,32.282,38.272,37.332,43.855,46.445,42.803,51.514,57.336,5.662041262565425,5.977615107970518,5.809692533311576,5.398121642282296,4.528234971776683,4.915133205649688,4.994221960184156,4.570462169010067,4.505406883766329
ETH,Ethiopia,4.523809523809524,5.746031746031747,8.634920634920636,31.88095238095238,33.145502645502646,100.0,100.0,100.0,99.935,99.936,100.0,100.0,100.0,100.0,0.15021997848875993,0.1447443180017785,0.1550590821470879,0.15969343284701712,0.15149808980029553,0.1563314290157014,0.14622964678181724,0.14776789165224435,0.14663663612249142
FIN,Finland,39.88888888888889,64.61111111111111,64.98148148148148,64.98148148148148,80.96296296296296,44.233,46.608,45.764,46.466,51.892,52.947,53.568,51.889,55.857,8.88160307084068,8.364943700444462,8.601030726902698,7.99426833424913,7.138745462328441,7.094798662411611,6.681621984893737,5.889545875641643,5.535212212435392
FRA,France,38.5,39.61111111111111,39.61111111111111,58.5,88.07407407407406,17.715,16.538,19.757,19.964,23.714,22.187,24.201,26.89,27.176,5.017275316278507,5.061551432633542,4.89217066506758,4.792140448182491,4.246776421274739,4.668208692001279,4.512468288777309,4.1559836100843555,4.00355772602595
GBR,United Kingdom,63.05555555555556,63.98148148148148,67.31481481481481,67.31481481481481,78.62962962962962,24.474,29.238,33.0,36.596,43.065,39.782,41.611,46.378,50.648,5.972950644758102,5.771508701716088,5.64035331211248,5.388321726601429,4.790176805513934,5.045161097673863,4.805057957300845,4.4477512185156,4.22077337220883
GEO,Georgia,5.0,5.0,25.31746031746032,25.31746031746032,47.28042328042328,80.505,80.507,82.475,76.054,74.731,81.171,76.211,76.091,79.828,2.95779616660474,2.9964828363918063,2.988555899841918,3.2048881755386396,3.100048459243198,3.328255060521327,3.626395352783648,3.648596965724241,3.5324161092485333
GHA,Ghana,20.076719576719576,20.076719576719576,29.95767195767196,37.6957671957672,30.96296296296297,42.217,42.632,40.711,42.312,37.354,34.783,36.047,38.519,36.218,0.5463821564395668,0.5789221228195321,0.6219974583505847,0.6486655259798435,0.7195790717386698,0.7531551495118264,0.7175990504975814,0.6873641267111075,0.702085843566409
GIN,Guinea,0.0,0.0,0.0,5.674603174603175,9.563492063492063,68.323,69.492,62.371,63.902,60.887,73.077,74.5,74.5,75.186,0.2674970574909529,0.2640230931595969,0.29449559669459685,0.36933191738196913,0.40335997196358764,0.3703508395345965,0.3714513775283727,0.34892306171517645,0.352794025802477
GRC,Greece,48.05555555555556,52.5,55.833333333333336,55.833333333333336,76.66666666666667,27.656,25.182,30.679,33.577,36.94,40.8,43.449,49.826,49.229,6.325295418853669,6.358525438090713,6.199238936941635,5.735412926935596,4.894154832796332,5.081782343263518,5.280458870423427,4.92324127436463,5.046422275772709
GTM,Guatemala,11.671957671957673,11.671957671957673,17.33862433862434,26.179894179894177,22.45767195767196,61.804,68.639,66.113,63.858,75.765,73.497,84.644,67.27,68.334,1.107877920628247,1.029572791846038,1.1124332432904924,1.1496273664985501,1.0150584839541807,1.1480823813190215,1.0618517821475348,1.1105147532904847,1.1066501528086026
HND,Honduras,14.428571428571429,14.428571428571429,15.169312169312173,28.97883597883598,22.75661375661376,48.065,57.356,62.822,52.908,54.635,61.421,59.665,54.363,55.449,1.033968029340082,0.9748713436197252,0.9222638325238269,1.0210050994440363,0.9112972398227605,1.0078448945502458,1.010209222742786,1.1131297187720148,1.1355197902621197
HRV,Croatia,45.01322751322752,46.79100529100529,49.64814814814815,53.64814814814815,59.22222222222223,66.349,60.493,72.337,66.008,64.626,69.689,63.475,70.126,73.447,4.449766695634409,4.651127688945953,4.454024105145064,4.550626805658596,4.392078495613159,4.513221384688402,4.573714202126183,4.83573016043274,4.831514148259273
HTI,Haiti,0.0,8.055555555555555,14.722222222222223,14.722222222222223,5.648148148148148,6.481,12.264,18.269,16.038,13.725,12.621,18.812,22.353,18.605,0.3352869247376436,0.33155680929701303,0.3245377228009803,0.32371429397299256,0.3063453010037133,0.29964167487062826,0.2946293536131192,0.2904858972770374,0.2984738149919342
HUN,Hungary,49.50000000000001,51.277777777777786,61.277777777777786,61.277777777777786,72.31481481481481,10.194,10.571,11.763,13.711,15.808,19.141,21.409,26.393,31.474,4.9453188117939435,5.257107302784196,5.280693324916009,5.312401751697608,5.134431093420047,5.293984009024256,4.952934251209309,4.480480257576323,4.457917824235665
IDN,Indonesia,4.166666666666667,4.166666666666667,4.166666666666667,4.833333333333334,46.66666666666667,15.368,16.247,17.048,16.26,18.124,18.167,19.611,18.597,18.09,1.916265910133318,2.003942761087367,2.209539252419115,2.339794665246056,2.169765808811813,2.249932001075322,2.591895523750199,2.747471872824014,2.865039781887575
IND,India,12.45925925925926,15.903703703703709,33.142857142857146,43.19100529100529,67.78518518518518,14.438,15.451,16.294,17.617,19.007,18.791,20.19,19.287,19.808,1.7202923565218957,1.7954533987753094,1.859893094190517,1.836882232127991,1.6804001606439165,1.8370295169940614,1.9692961896287682,2.096228588925678,2.173651735357874
IRL,Ireland,50.05555555555556,50.05555555555556,65.05555555555556,66.0925925925926,84.62962962962963,25.116,29.263,33.312,38.711,42.444,37.051,39.213,45.261,46.525,8.296369177121822,7.926180412205628,7.763378768000634,7.308212912964567,6.804567768977292,7.1190675822826535,6.845812912587314,6.187078017704101,6.036057741313135
IRN,"Iran, Islamic Rep.",57.31481481481482,60.64814814814815,63.98148148148149,63.98148148148149,38.333333333333336,5.452,5.787,3.467,11.01,7.393,4.377,4.296,6.473,5.318,7.66363471449536,7.837307302122813,7.680739396658987,8.185719815436464,8.38853190019001,8.86620624375505,8.847423300275548,9.007224879613391,9.053293420877122
ISR,Israel,36.86507936507937,40.56878306878307,47.23544973544973,47.23544973544973,35.920634920634924,2.537,2.506,2.724,4.827,6.104,7.852,9.718,11.791,13.806,7.904528434355253,7.783836204423123,7.148444184266221,7.213883366467859,6.66216318867945,6.506178372495039,6.6582683756212395,6.140775713270383,5.765271640239147
ITA,Italy,43.98148148148148,50.64814814814815,59.35185185185185,59.35185185185185,84.11111111111111,37.772,35.568,39.995,39.943,42.231,40.747,35.857,44.55,50.172,5.8083407592116885,5.761145431674797,5.684522332791631,5.567840563292779,4.966674069793172,5.586515710902238,5.608971901373287,5.1591446091272966,5.075738341026732
JAM,Jamaica,18.65608465608465,27.544973544973544,34.592592592592595,39.5925925925926,32.94444444444444,12.249,11.644,14.646,12.716,13.785,13.333,12.918,12.159,12.602,2.7137475688766384,2.595245908392891,3.081844347907182,2.989263163189081,2.0923511492935236,2.2808757288519295,2.6469597878797275,2.712845263692405,2.8437838456593907
JOR,Jordan,31.992063492063487,46.26190476190476,49.595238095238095,52.92857142857142,37.81746031746032,4.372,6.737,10.604,14.418,18.937,22.987,23.128,21.96,24.081,2.521924290804045,2.594255784462841,2.409765112968403,2.1823873575920145,1.9279853124112998,1.9648021444457417,2.0733346404574946,2.10161310922351,2.0898692239058048
JPN,Japan,6.857142857142857,7.412698412698414,23.603174603174605,47.82539682539683,63.537037037037045,14.268,15.164,16.191,16.843,19.092,20.117,20.488,22.137,22.935,9.668652617331361,9.552832908042719,9.172136486582394,8.874566661138882,8.397105202715009,8.594782849386704,8.395630708107396,8.050635798505661,7.842420572389334
KAZ,Kazakhstan,16.055555555555554,16.055555555555554,16.72222222222222,17.833333333333336,24.92328042328042,12.66,11.288,10.17,10.415,10.99,10.94,11.707,12.73,15.214,11.769201028120847,12.140919886525422,12.115523558756221,11.39094060221593,11.574496755152431,12.252464760358077,12.305086662784387,12.564333168192352,12.567818753666067
KEN,Kenya,0.5555555555555556,0.5555555555555556,5.03968253968254,20.500000000000004,42.92592592592593,89.256,80.886,86.283,88.668,93.579,89.822,87.809,89.766,91.478,0.38436685307073143,0.3912047551102219,0.38115918529223364,0.3803872001051817,0.36701605639230833,0.40428104416367594,0.4050065120548172,0.3843202596186997,0.38344092060835955
KGZ,Kyrgyz Republic,2.2222222222222223,2.2222222222222223,5.555555555555555,12.412698412698417,17.06878306878307,86.54,91.477,91.834,91.583,90.779,85.601,86.107,86.471,88.776,1.577468310236622,1.5280901441896042,1.7802078466139226,1.5518016039243658,1.3838351522820755,1.5347622556203095,1.5054865652982987,1.4409521462023311,1.4878422037068524
KHM,Cambodia,12.841269841269844,16.174603174603174,22.00793650793651,22.00793650793651,16.50793650793651,47.628,41.78,58.924,48.558,55.186,58.702,65.446,42.132,35.659,0.668405454858677,0.7358754591133708,0.7565506378620521,0.9532498156699252,1.1140611022443967,1.088857540853661,1.0687824080888635,1.0856479727821817,1.1020703731506467
KOR,"Korea, Rep.",25.14814814814815,35.18518518518518,41.37566137566138,61.80952380952382,61.24074074074074,3.232,3.874,4.689,5.625,7.0,7.914,8.913,9.566,9.709,12.667778819017286,12.952944838832028,13.191726953180899,12.653189457504558,11.909444278933892,12.33872683316728,11.87374097850641,11.416265728100138,11.362256989300606
KWT,Kuwait,11.38888888888889,16.388888888888893,20.388888888888893,20.388888888888893,11.75925925925926,0.029,0.058,0.121,0.133,0.121,0.26,2.228,2.128,2.238,24.574835368582573,23.458245523503834,22.916469585510864,21.796805990388798,21.123240930607164,22.908184500093444,22.35855817108215,22.697211450894418,23.67267185772951
LAO,Lao PDR,13.333333333333334,13.333333333333334,13.333333333333334,16.666666666666668,23.89417989417989,68.772,64.821,65.078,63.476,71.597,73.541,76.136,76.711,76.716,2.297214480889741,2.7420628265552143,2.7865003658085774,2.676302041163717,2.645846687138001,3.1954890748852107,3.1791874250149528,3.3586071115785754,3.3543509829508253
LBN,Lebanon,14.060846560846562,23.87830687830688,31.97354497354497,49.30687830687831,33.38095238095238,2.215,2.259,2.209,5.188,6.74,9.284,45.538,34.076,43.82,4.406995979794593,4.755858969164277,4.594444061022182,4.660257474466718,3.8265831322191115,2.9231625348322403,1.8165236281242771,1.8738742733385143,1.8953103723379519
LBR,Liberia,0.0,17.166666666666668,17.166666666666668,22.24603174603175,14.46825396825397,0.0,0.0,31.707,30.952,28.889,34.211,33.333,57.377,54.386,0.29127716161634853,0.2537882107889893,0.129815079743549,0.20014984968438976,0.16211399130355922,0.15986848497420675,0.1616513073730937,0.1528300131566707,0.1544857065534116
LKA,Sri Lanka,5.03968253968254,5.03968253968254,6.150793650793651,14.761904761904765,41.089947089947096,32.984,31.028,43.871,33.773,35.576,49.4,50.328,48.566,55.243,1.107360082983639,1.0912553022887241,1.0144393170281496,1.0995275879466127,1.0317258999041927,1.0299512547391227,0.9376087642576981,0.9792757634886783,1.0647335280160615
MAR,Morocco,32.1957671957672,32.1957671957672,32.1957671957672,35.52910052910053,41.17195767195767,16.489,15.842,19.821,19.787,19.175,19.806,18.184,21.715,24.41,1.7420039375324945,1.8016389369050594,1.8191249048542737,1.9847450344921023,1.8474282674098068,1.97891230504847,1.9375144257568309,1.8573653487086048,1.839252693187786
MDA,Moldova,31.111111111111114,42.33333333333333,58.841269841269856,67.55555555555557,24.746031746031747,4.103,6.25,5.948,6.503,5.825,6.607,9.568,9.606,10.708,3.004937952743771,3.0146026279866827,3.27363703423792,3.4194196884346058,3.3578609024981687,3.7185709734421906,3.277712174144822,3.339350951650329,3.4167587309859777
MDG,Madagascar,23.611111111111114,23.981481481481485,38.45767195767196,38.45767195767196,9.468253968253968,48.421,41.919,43.277,38.462,40.741,33.202,35.227,43.952,42.387,0.12457111032234848,0.13262469261386703,0.11912379760542,0.14213902884503418,0.10803854283045579,0.13818963760937922,0.14403398518677488,0.1472692016382136,0.14649480512346083
MDV,Maldives,15.383597883597885,15.383597883597885,18.71693121693122,25.105820105820108,18.185185185185183,1.493,2.74,3.797,3.704,4.878,5.952,7.059,7.059,7.059,3.9117272866720203,3.508936539766566,2.9302534987391646,3.1068355302410553,2.4058089931052065,3.2563924720141664,3.414385639546199,3.4110655254622677,3.5665092203660866
MEX,Mexico,7.5,9.166666666666668,17.166666666666668,17.166666666666668,74.96296296296296,15.29,15.43,15.815,16.687,21.297,24.983,24.439,20.267,21.116,4.06104469144067,4.057433295999207,3.8383170587251754,3.925423778516956,3.4624714155990466,3.5466248989370373,3.5218382896357303,3.6657652493404127,3.637386803847536
MKD,North Macedonia,7.492063492063492,11.03968253968254,11.03968253968254,17.1904761904762,39.383597883597886,36.767,23.036,34.938,22.828,27.715,29.837,27.104,32.075,39.461,3.997717059055884,4.203128843177045,3.9928514370443144,4.625047035008969,4.083994388305954,4.155430746268332,4.478979228175609,4.387914319603286,3.999925453268792
MLI,Mali,6.240740740740741,6.796296296296296,6.796296296296296,10.962962962962962,24.66137566137566,51.987,45.64,40.166,38.32,40.863,39.086,42.857,19.8,19.463,0.23862388816092553,0.2604904423663824,0.2828486211985796,0.290188080208255,0.31515389542409733,0.32609409329646344,0.3247482732795207,0.30194630202447065,0.3027992415414365
MMR,Myanmar,0.0,2.777777777777778,4.761904761904762,23.560846560846564,14.962962962962962,55.188,53.327,58.179,56.263,48.669,49.349,40.86,46.493,47.858,0.4462625381352259,0.6504276004723236,0.6412331958869112,0.6533175187045813,0.6548637800118235,0.5963556515953985,0.5772480412566324,0.5771071152258705,0.5754632593182276
MNG,Mongolia,0.0,0.0,37.44973544973545,37.44973544973545,9.77777777777778,4.409,4.146,6.697,9.942,10.241,11.156,9.806,9.168,8.844,6.1889579831497485,6.692872501879217,7.155656976568401,7.753376791374167,6.767093331217442,7.35537974094353,7.267656217054951,7.799904916342181,7.846656309542588
MOZ,Mozambique,45.03968253968255,51.46825396825396,58.13492063492063,58.13492063492063,33.50000000000001,82.715,80.499,81.797,79.358,83.491,82.98,83.691,83.567,83.426,0.30478355334260887,0.2951105595949045,0.277593949600126,0.2887561997270815,0.2583641050416052,0.2883801462100808,0.3336942035529742,0.3186843767058043,0.2920064775212445
MRT,Mauritania,33.77513227513227,34.886243386243386,43.05291005291006,44.71957671957672,14.357142857142858,25.0,24.444,30.137,29.936,28.834,28.481,27.439,21.531,22.705,0.6422608993120783,0.9046216691207905,1.0225500468567912,1.0041390350488437,1.0076669555714826,0.9316192996899179,1.0309011930133436,0.9611660943354039,0.969475151347498
MWI,Malawi,2.055555555555556,2.055555555555556,6.023809523809524,6.023809523809524,38.03703703703704,93.953,100.0,81.768,96.111,99.429,95.628,95.628,95.628,95.628,0.2794152481706215,0.2997830065497155,0.2945906810316729,0.29472685232100154,0.2665265614300645,0.3052237867143726,0.2723697838777391,0.22292421107516402,0.22141938000726474
MYS,Malaysia,8.119047619047619,20.73809523809524,38.07142857142857,38.07142857142857,27.955026455026456,13.463,17.393,16.596,16.134,17.579,19.251,19.474,19.159,20.366,7.785044111006448,7.350569192812234,7.72644571640815,7.630399290730345,7.467786980284606,7.523262884840702,7.983299156463925,8.03895132928611,8.323216201465153
NER,Niger,16.492063492063494,18.87301587301588,21.253968253968257,34.301587301587304,16.425925925925924,1.429,1.786,1.887,2.985,2.985,2.817,2.532,2.062,3.158,0.10477742821351488,0.0920857909837752,0.09139145907649737,0.1034131571116079,0.10159538398741898,0.11667552303594707,0.1271256096867676,0.1209065780036267,0.11890170954778286
NGA,Nigeria,2.777777777777778,4.722222222222223,6.111111111111111,9.03968253968254,32.41534391534391,22.469,24.194,21.166,23.341,20.553,20.663,24.711,22.678,25.0,0.6317911500856769,0.5794614064730076,0.592412108680957,0.6019796841350096,0.5557005711237436,0.5990066704377554,0.5782710368324041,0.5523392722522522,0.5669176376611951
NIC,Nicaragua,45.5,50.777777777777786,57.44444444444444,57.44444444444444,35.87566137566138,52.288,55.973,58.71,56.987,69.921,69.121,64.12,62.389,62.389,0.9181143350213214,0.8996662724970002,0.8094117573530331,0.821126102136495,0.7229256631908497,0.7814450555710146,0.7816773823167852,0.811432301333619,0.8298415011841865
NLD,Netherlands,4.666666666666667,8.0,14.190476190476192,17.523809523809526,82.61111111111111,12.969,15.021,16.693,18.992,26.837,33.452,40.097,47.382,50.74,10.02880510600098,9.81688717537774,9.464865296503683,9.107843619965186,8.150698047759654,8.321133512241229,7.520147752254649,6.875705965341056,6.601883959666512
NOR,Norway,53.31481481481482,53.31481481481482,61.31481481481482,61.31481481481482,69.4814814814815,98.054,98.118,98.02,97.938,98.516,99.319,98.645,98.47,98.606,9.04975223129384,8.984022643305778,8.780334628785546,8.479334676665365,8.124937842447451,8.214713626412639,7.979858266080303,7.537537586503083,7.178301732558617
NPL,Nepal,13.277777777777777,18.833333333333336,19.666666666666668,19.666666666666668,20.32539682539683,100.0,100.0,100.0,100.0,100.0,100.0,100.0,100.0,100.0,0.38504103419932745,0.4712319596642179,0.531555032536151,0.4737513085069422,0.5681099877396616,0.5897538287518816,0.506315976652673,0.5196902037521013,0.5359640841097925
NZL,New Zealand,58.51851851851852,69.07407407407408,73.07407407407408,73.07407407407408,59.24074074074074,84.334,81.219,83.398,82.423,80.923,81.722,86.936,89.625,85.98,7.369932754926709,7.534153232507894,7.271252499693914,7.493571816590548,6.835009068685435,6.826358022263304,6.321624653167247,6.110769230769231,6.0141020793950855
OMN,Oman,15.11904761904762,24.007936507936503,34.36507936507937,54.72222222222223,35.351851851851855,0.0,0.055,0.132,0.154,0.262,1.707,4.481,4.889,4.888,18.36261867503918,17.9309674535791,18.35131735798935,18.60627660364594,18.168281814227846,19.493118870577526,19.6830764534295,18.96009105476456,18.651991143488885
PAK,Pakistan,15.743386243386244,16.2989417989418,20.465608465608465,20.465608465608465,23.03174603174603,29.17,25.038,25.678,30.214,28.941,28.044,28.726,33.186,37.197,0.8939702511145362,0.9553097607657951,0.8915233235263846,0.8615248071455736,0.9472257282718232,0.9568177052034981,0.9658262445379356,0.8439826517090123,0.8118318091749611
PAN,Panama,11.936507936507937,23.97354497354497,31.84391534391535,39.2962962962963,29.314814814814817,66.636,71.83,77.768,52.749,75.686,78.365,77.224,60.641,67.982,2.6468534054621817,2.4759759602235536,2.381581914939561,3.1086263489739534,2.2623129597757976,2.478733282628432,2.6002477292057553,2.8570505829088315,2.7382990036489248
PER,Peru,26.8968253968254,31.896825396825392,32.73015873015873,32.73015873015873,26.08994708994709,50.397,58.604,61.131,60.542,63.484,61.572,55.242,54.378,60.111,1.8628905505108548,1.762740299273061,1.7351408181886128,1.7927010635636766,1.4474682354556208,1.7984380569336085,1.9040826291802366,1.9228161803048238,2.0242418517961736
PHL,Philippines,13.981481481481485,13.981481481481485,14.814814814814817,18.41269841269841,39.34126984126984,24.21,24.555,23.371,20.787,21.229,22.135,22.16,21.426,20.472,1.1364255671524544,1.2545910577086081,1.2911472108961812,1.3350013374434724,1.21683584867494,1.2874463035014294,1.3311216707107094,1.4139699247111173,1.5030109111702001
PNG,Papua New Guinea,7.53968253968254,10.396825396825395,10.396825396825395,17.730158730158728,24.58730158730159,29.769,27.816,22.936,26.402,27.317,24.724,21.133,23.679,23.679,0.7388092327832677,0.629630686826063,0.5220068352665007,0.5241330792662304,0.5577161430216308,0.5379762258591321,0.5419394699823162,0.5291812465019224,0.5169667627349761
POL,Poland,37.04761904761905,41.88095238095239,51.6031746031746,55.6031746031746,62.88624338624339,13.741,14.202,12.76,15.599,17.964,17.093,21.103,27.707,31.147,8.341513676278907,8.695816012428866,8.680317842777109,8.21985501300853,7.913474096264855,8.761455946191992,8.363578818594412,7.649777840336423,7.5510856587171835
PRT,Portugal,52.16666666666667,52.72222222222221,57.72222222222223,61.05555555555557,79.33333333333334,54.699,39.208,50.403,53.12,58.591,64.08,59.594,74.469,85.191,4.893054560710756,5.353591642961856,4.969728180826156,4.51358282400518,3.9471768746890503,3.760146252144047,3.8017191709061966,3.536659540673088,3.3247648994860155
PRY,Paraguay,15.793650793650793,16.460317460317462,16.460317460317462,16.460317460317462,30.83068783068783,100.0,100.0,100.0,100.0,100.0,100.0,100.0,100.0,100.0,1.20212010447541,1.336055254580621,1.3602583446883971,1.3080159838945409,1.1894625150994005,1.1934295026676414,1.1841051146785193,1.1312441318463982,1.158193505035897
QAT,Qatar,15.96031746031746,30.079365079365083,34.24603174603175,37.57936507936508,24.32010582010582,0.306,0.306,0.312,0.26,0.283,0.29,1.315,3.565,4.023,46.04335773135904,44.82080429881138,44.52089986802204,44.59219216442303,41.27809264219361,47.28397427452484,45.19595398845384,48.64263683570078,47.332164144582826
ROU,Romania,60.70370370370371,60.70370370370371,60.70370370370371,62.37037037037037,65.77777777777779,41.996,38.228,40.877,41.916,44.575,44.98,43.149,49.798,46.51,3.994794101612774,4.175786926299147,4.262197179106264,4.189225408184167,3.9294117647058826,4.222688571351024,3.972779591802022,3.6856918045804585,3.7205505578369378
RUS,Russian Federation,25.22222222222222,33.55555555555556,33.55555555555556,41.55555555555556,29.5925925925926,17.02,17.079,17.31,17.548,19.923,19.034,17.577,17.747,18.098,11.961746699282958,12.135732242500442,12.593924710408539,12.77387391667886,12.284053027368598,13.392075741217617,13.141383836829087,13.54623391451887,13.984541118942534
RWA,Rwanda,5.132275132275133,10.132275132275131,16.70634920634921,26.8968253968254,47.06349206349206,50.0,46.154,41.463,50.588,62.921,59.0,57.692,49.091,49.558,0.10156736413896825,0.10748185142508726,0.11684020398469058,0.11858858683277677,0.11138972574049409,0.12778485780134566,0.16124790583567686,0.16398328535707302,0.16212879299764102
SAU,Saudi Arabia,3.333333333333333,9.166666666666668,9.166666666666668,38.0925925925926,23.166666666666668,0.014,0.018,0.043,0.058,0.242,0.254,0.49,1.1,2.16,19.690702372582873,19.476469182084788,19.20908405906012,19.285945864659354,18.29028815774086,19.17598933199343,19.282874301046046,18.854074466546937,18.484584258255175
SDN,Sudan,0.8333333333333334,0.8333333333333334,8.134920634920636,11.46825396825397,10.912698412698411,56.211,60.51,59.756,63.748,64.826,62.655,71.752,80.979,79.689,0.5801348195482431,0.5539759910883254,0.5346321808550805,0.5152961671900137,0.46310870123084524,0.49104868869911455,0.4342233108303354,0.43370083015553634,0.4334638156982533
SEN,Senegal,5.870370370370371,5.870370370370371,5.870370370370371,13.37037037037037,27.62962962962963,8.996,11.229,14.17,13.402,16.832,20.27,19.693,16.951,19.79,0.6848971111217976,0.6593149390223019,0.6745735869268387,0.6744238124538232,0.6441574203064478,0.7621044863769054,0.8239598397901818,0.7587854851975981,0.7676095709519584
SGP,Singapore,30.79100529100529,30.79100529100529,47.12433862433863,47.494708994709,45.04761904761905,2.908,2.888,2.813,2.789,2.808,2.904,4.093,4.536,4.932,9.44707088976961,10.136410457618357,9.614260510800761,9.79870673958709,9.475664580243404,10.21678292698759,9.995827584139285,9.480337458395633,9.751443631291764
SLB,Solomon Islands,9.166666666666668,9.166666666666668,9.166666666666668,10.833333333333334,11.984126984126984,0.0,0.0,0.0,0.0,0.0,0.0,9.091,9.091,9.091,0.48854205824761954,0.42571375234806147,0.4586088582585555,0.4385103557386077,0.4132986253824725,0.4361446699475866,0.38281015944875335,0.3747476578271386,0.38391207009782735
SLE,Sierra Leone,3.888888888888889,11.88888888888889,16.555555555555554,21.55555555555556,13.592592592592592,61.905,60.87,66.667,95.0,95.0,95.0,95.0,95.238,95.238,0.14693293629380924,0.14155816155436987,0.16027399599420908,0.1561434823191077,0.15553756446398243,0.18189899886368718,0.17721809871850341,0.16670385905722965,0.16915022896262008
SLV,El Salvador,29.5026455026455,29.5026455026455,34.05820105820106,34.05820105820106,27.39153439153439,59.416,74.775,77.941,71.475,84.759,86.037,90.799,87.793,90.812,1.1818313765965682,1.0673637687286766,1.141868228387151,1.3028585167135462,1.0671770596469135,1.2040061498306687,1.3479888521586243,1.4638748679794547,1.5056972862770193
SOM,"Somalia, Fed. Rep.",3.333333333333333,3.333333333333333,5.0,6.666666666666667,3.8333333333333335,2.778,5.405,5.405,5.405,8.108,10.526,19.048,19.048,20.93,0.05838840204784531,0.05609176175126431,0.05540855656438993,0.052804037883918575,0.0474200313959524,0.047315129823348165,0.04678714858309763,0.04627800081868921,0.04551492068214935
SVK,Slovak Republic,58.050264550264544,64.24074074074073,64.24074074074073,64.24074074074073,73.61111111111111,24.739,23.851,21.793,23.573,24.027,22.795,21.929,22.723,24.051,6.526591488028095,6.936420435826234,6.837574041574356,6.381822858826505,5.980020982529764,6.727857209338956,6.110128002898512,5.7397811577484825,5.5131168563144435
SWE,Sweden,14.19047619047619,37.8015873015873,59.88095238095239,59.88095238095239,83.15873015873015,57.175,57.882,55.797,58.746,68.47,67.383,68.321,69.407,69.358,4.281934499200601,4.159619825530653,3.896556868484535,3.8423518032643025,3.674024541790064,3.8862552325498223,3.5999630397462905,3.4800778844701044,3.5738164598476647
TCD,Chad,0.0,3.333333333333333,38.48148148148148,51.81481481481482,32.092592592592595,6.452,6.25,5.882,5.714,5.714,4.651,5.128,5.556,5.405,0.11185832557871815,0.14148589247264198,0.14940707259497724,0.1417122204479976,0.14010711026893446,0.15318926291963333,0.15523982358253852,0.15056630072761287,0.14250861970736373
TGO,Togo,11.11111111111111,16.42857142857143,20.984126984126984,38.84126984126985,30.58730158730159,21.277,25.926,35.0,21.311,14.754,22.535,20.0,26.761,29.577,0.29550538517215386,0.22601211896806095,0.2596200748544623,0.2762888086168827,0.31096343194333276,0.3192973542925459,0.3227815030483543,0.3077998747545249,0.3125654994588749
THA,Thailand,32.56613756613757,33.232804232804234,34.8994708994709,35.64021164021164,49.5925925925926,8.937,11.107,14.356,14.862,14.211,15.009,15.79,15.624,14.841,3.9199043644481226,3.949975567096248,3.8760002493272294,4.005331430261771,3.8473993643124422,3.744412241626386,3.963374866518003,3.835774893837287,3.960052693523195
TJK,Tajikistan,7.047619047619048,15.38095238095238,16.80952380952381,16.80952380952381,16.465608465608465,96.462,94.589,93.161,91.46,90.1,90.058,92.694,94.206,94.595,0.6446805647561916,0.763156637734805,0.8814984915657363,0.9486392711159726,0.96295019852687,0.9458098740351571,0.9389502605619874,0.897072214775281,0.9224782684273056
TKM,Turkmenistan,1.1111111111111112,1.1111111111111112,1.1111111111111112,1.1111111111111112,3.1481481481481484,0.0,0.0,0.0,0.0,0.0,0.035,0.031,0.031,0.03,10.580073304558885,11.09115159670395,11.15341181250342,10.765902835179126,11.05413996608878,13.456249489745055,14.005338446705366,12.862991038827403,10.86236863362963
TUN,Tunisia,43.238095238095234,56.71957671957672,58.77513227513227,58.77513227513227,43.57936507936508,3.209,2.915,2.629,3.134,3.134,3.105,3.036,3.947,4.399,2.5902198292709118,2.6004296125367343,2.5658122543562483,2.5469384166726945,2.3983934601280086,2.5743856849355886,2.504989135541606,2.55804077741188,2.621130104815393
TUR,Turkiye,45.49206349206349,47.158730158730165,52.158730158730165,52.158730158730165,54.93650793650794,32.886,29.345,32.257,43.797,42.162,35.4,41.911,42.009,45.614,4.935332469823076,5.394164444581354,5.274019729261307,5.019136724589075,5.073959629034974,5.475006345419114,5.229561720073777,5.2321541279960915,5.37926453268486
TZA,Tanzania,2.5,5.833333333333334,12.833333333333334,15.333333333333334,22.4973544973545,36.217,34.795,31.737,33.205,41.379,36.879,30.353,26.49,32.919,0.2626467112364884,0.25510804560194444,0.25978136622215464,0.2873465368951841,0.27351541256151635,0.3014750245470299,0.3231619768511846,0.3238393165914728,0.311205530057348
UGA,Uganda,21.37301587301588,21.37301587301588,28.230158730158728,31.880952380952387,27.124338624338623,98.143,98.148,92.791,96.943,97.391,97.533,97.391,97.054,97.074,0.15468894784092188,0.15565720698418722,0.16496963575683113,0.16429441020630012,0.16014970999491826,0.1766572796499657,0.16811758377276942,0.166813953979235,0.16504818185678832
URY,Uruguay,28.560846560846564,33.00529100529101,46.81481481481482,46.81481481481482,53.81481481481482,96.828,98.467,97.536,98.258,94.031,84.615,90.781,92.434,98.878,2.020902067095298,1.890930275247769,2.024136449951599,2.1064663137884483,2.033999731683264,2.5176826297327253,2.3866728518248626,2.4175337012308735,2.5675694829131857
USA,United States,37.833333333333336,52.833333333333336,66.16666666666667,67.27777777777779,74.79629629629629,15.288,17.452,17.45,18.295,20.316,20.743,22.35,22.679,24.063,15.50454821892693,15.18471272139676,15.579645664597194,15.043966208050458,13.471566566409948,14.316097932935088,14.418622129423325,13.714025884903426,13.623862265279348
UZB,Uzbekistan,2.857142857142857,6.746031746031747,8.412698412698415,14.07936507936508,16.20899470899471,11.685,13.051,9.359,10.179,7.53,7.027,9.218,9.896,15.951,3.644218453008525,3.716808774884128,3.484174860356421,3.4921323873072594,3.690339045848715,3.923662328972901,3.6895264898449307,3.720112698457353,4.085016665402064
VEN,"Venezuela, RB",2.857142857142857,2.857142857142857,13.96825396825397,13.96825396825397,10.634920634920636,53.925,58.391,58.369,58.379,77.68,79.235,78.363,90.342,91.139,5.296082783045546,4.971709279826685,4.62269142706999,4.159651404871184,2.695313333598415,2.6869278109440864,3.2610479056529122,3.4059148886461164,3.3941051575743506
VNM,Viet Nam,26.91005291005291,30.7989417989418,30.7989417989418,30.7989417989418,39.85185185185186,35.871,44.428,38.714,30.398,34.816,42.774,49.462,42.941,42.282,2.380902355685366,2.4087117202724353,2.9312672353227134,3.463164794584086,3.551533168743205,3.397887168414186,3.4510196587291686,3.8935402626780693,4.266056754681952
YEM,"Yemen, Rep.",22.5,22.5,23.928571428571427,23.928571428571427,16.944444444444446,3.326,4.691,13.754,14.634,16.667,17.123,16.832,10.156,11.238,0.33104726679520796,0.2969394535739879,0.35186257770312035,0.3515182302002814,0.3131961507644293,0.30207405823819616,0.2873697939422455,0.2697431956127623,0.2607066319422507
ZAF,South Africa,13.970899470899472,19.193121693121693,30.50793650793652,44.43650793650794,54.01851851851852,3.232,4.754,4.869,5.216,6.343,7.708,9.876,12.398,12.512,8.037015519035418,8.147514185871465,8.077016906197995,8.014122333759623,7.4445834618027975,7.2934067522312835,6.882639361920255,6.759227748790491,6.876849626277124
ZMB,Zambia,5.870370370370371,10.796296296296296,23.12962962962963,41.77248677248677,22.383597883597883,94.308,86.332,84.644,84.652,85.489,91.986,88.906,89.003,87.475,0.3740358154694369,0.4608825478805503,0.5064714748640072,0.4879593043884632,0.5000683390002674,0.49379688135963956,0.5245488275704515,0.5480900976236931,0.5429614773776685
ZWE,Zimbabwe,13.862433862433864,13.862433862433864,13.862433862433864,15.343915343915343,32.80952380952381,44.909,54.702,55.673,51.651,58.569,70.712,67.338,56.156,57.115,0.7718132251309461,0.7147890542584289,0.8162851562531177,0.731473434469001,0.5844442234657711,0.6889254494939296,0.7192208428422927,0.7689943627070903,0.7728214342674653
