ISO3,name_worldbank_co2,name_owid_ember,name_rise_data360,name_rise2016_file
AFG,Afghanistan,Afghanistan,Afghanistan,Afghanistan
AGO,Angola,Angola,Angola,Angola
ALB,Albania,Albania,Albania,
ARE,United Arab Emirates,United Arab Emirates,United Arab Emirates,United Arab Emirates
ARG,Argentina,Argentina,Argentina,Argentina
ARM,Armenia,Armenia,Armenia,Armenia
AUS,Australia,Australia,Australia,Australia
AUT,Austria,Austria,Austria,Austria
AZE,Azerbaijan,Azerbaijan,Azerbaijan,
BDI,Burundi,Burundi,Burundi,Burundi
BEL,Belgium,Belgium,Belgium,Belgium
BEN,Benin,Benin,Benin,Benin
BFA,Burkina Faso,Burkina Faso,Burkina Faso,Burkina Faso
BGD,Bangladesh,Bangladesh,Bangladesh,Bangladesh
BGR,Bulgaria,Bulgaria,Bulgaria,
BHR,Bahrain,Bahrain,Bahrain,Bahrain
BIH,Bosnia and Herzegovina,Bosnia and Herzegovina,Bosnia and Herzegovina,
BLR,Belarus,Belarus,Belarus,Belarus
BOL,Bolivia,Bolivia,Bolivia,Bolivia
BRA,Brazil,Brazil,Brazil,Brazil
CAN,Canada,Canada,Canada,Canada
CHE,Switzerland,Switzerland,Switzerland,Switzerland
CHL,Chile,Chile,Chile,Chile
CHN,China,China,China,China
CIV,Cote d'Ivoire,Cote d'Ivoire,Cote d'Ivoire,
CMR,Cameroon,Cameroon,Cameroon,Cameroon
COD,"Congo, Dem. Rep.",Democratic Republic of Congo,"Congo, Dem. Rep.","Congo, Dem. Rep."
COG,"Congo, Rep.",Congo,"Congo, Rep.","Congo, Rep."
COL,Colombia,Colombia,Colombia,Colombia
CRI,Costa Rica,Costa Rica,Costa Rica,
CZE,Czechia,Czechia,Czechia,Czech Republic
DEU,Germany,Germany,Germany,Germany
DNK,Denmark,Denmark,Denmark,Denmark
DOM,Dominican Republic,Dominican Republic,Dominican Republic,Dominican Republic
DZA,Algeria,Algeria,Algeria,Algeria
ECU,Ecuador,Ecuador,Ecuador,Ecuador
EGY,"Egypt, Arab Rep.",Egypt,"Egypt, Arab Rep.","Egypt, Arab Rep."
ERI,Eritrea,Eritrea,Eritrea,Eritrea
ESP,Spain,Spain,Spain,Spain
ETH,Ethiopia,Ethiopia,Ethiopia,Ethiopia
FIN,Finland,Finland,Finland,Finland
FRA,France,France,France,France
GBR,United Kingdom,United Kingdom,United Kingdom,United Kingdom
GEO,Georgia,Georgia,Georgia,
GHA,Ghana,Ghana,Ghana,Ghana
GIN,Guinea,Guinea,Guinea,Guinea
GRC,Greece,Greece,Greece,Greece
GTM,Guatemala,Guatemala,Guatemala,Guatemala
HND,Honduras,Honduras,Honduras,Honduras
HRV,Croatia,Croatia,Croatia,
HTI,Haiti,Haiti,Haiti,Haiti
HUN,Hungary,Hungary,Hungary,
IDN,Indonesia,Indonesia,Indonesia,Indonesia
IND,India,India,India,India
IRL,Ireland,Ireland,Ireland,
IRN,"Iran, Islamic Rep.",Iran,"Iran, Islamic Rep.","Iran, Islamic Rep."
ISR,Israel,Israel,Israel,
ITA,Italy,Italy,Italy,Italy
JAM,Jamaica,Jamaica,Jamaica,
JOR,Jordan,Jordan,Jordan,Jordan
JPN,Japan,Japan,Japan,Japan
KAZ,Kazakhstan,Kazakhstan,Kazakhstan,Kazakhstan
KEN,Kenya,Kenya,Kenya,Kenya
KGZ,Kyrgyz Republic,Kyrgyzstan,Kyrgyz Republic,Kyrgyz Republic
KHM,Cambodia,Cambodia,Cambodia,Cambodia
KOR,"Korea, Rep.",South Korea,"Korea, Rep.","Korea, Rep."
KWT,Kuwait,Kuwait,Kuwait,Kuwait
LAO,Lao PDR,Laos,Lao PDR,Lao PDR
LBN,Lebanon,Lebanon,Lebanon,Lebanon
LBR,Liberia,Liberia,Liberia,Liberia
LKA,Sri Lanka,Sri Lanka,Sri Lanka,Sri Lanka
MAR,Morocco,Morocco,Morocco,Morocco
MDA,Moldova,Moldova,Moldova,
MDG,Madagascar,Madagascar,Madagascar,Madagascar
MDV,Maldives,Maldives,Maldives,Maldives
MEX,Mexico,Mexico,Mexico,Mexico
MKD,North Macedonia,North Macedonia,North Macedonia,
MLI,Mali,Mali,Mali,Mali
MMR,Myanmar,Myanmar,Myanmar,Myanmar
MNG,Mongolia,Mongolia,Mongolia,Mongolia
MOZ,Mozambique,Mozambique,Mozambique,Mozambique
MRT,Mauritania,Mauritania,Mauritania,Mauritania
MWI,Malawi,Malawi,Malawi,Malawi
MYS,Malaysia,Malaysia,Malaysia,Malaysia
NER,Niger,Niger,Niger,Niger
NGA,Nigeria,Nigeria,Nigeria,Nigeria
NIC,Nicaragua,Nicaragua,Nicaragua,Nicaragua
NLD,Netherlands,Netherlands,Netherlands,Netherlands
NOR,Norway,Norway,Norway,
NPL,Nepal,Nepal,Nepal,Nepal
NZL,New Zealand,New Zealand,New Zealand,
OMN,Oman,Oman,Oman,
PAK,Pakistan,Pakistan,Pakistan,Pakistan
PAN,Panama,Panama,Panama,
PER,Peru,Peru,Peru,Peru
PHL,Philippines,Philippines,Philippines,Philippines
PNG,Papua New Guinea,Papua New Guinea,Papua New Guinea,
POL,Poland,Poland,Poland,Poland
PRT,Portugal,Portugal,Portugal,
PRY,Paraguay,Paraguay,Paraguay,
QAT,Qatar,Qatar,Qatar,Qatar
ROU,Romania,Romania,Romania,Romania
RUS,Russian Federation,Russia,Russian Federation,Russian Federation
RWA,Rwanda,Rwanda,Rwanda,Rwanda
SAU,Saudi Arabia,Saudi Arabia,Saudi Arabia,Saudi Arabia
SDN,Sudan,Sudan,Sudan,Sudan
SEN,Senegal,Senegal,Senegal,Senegal
SGP,Singapore,Singapore,Singapore,
SLB,Solomon Islands,Solomon Islands,Solomon Islands,Solomon Islands
SLE,Sierra Leone,Sierra Leone,Sierra Leone,Sierra Leone
SLV,El Salvador,El Salvador,El Salvador,
SOM,"Somalia, Fed. Rep.",Somalia,Somalia,Somalia
SVK,Slovak Republic,Slovakia,Slovak Republic,
SWE,Sweden,Sweden,Sweden,Sweden
TCD,Chad,Chad,Chad,Chad
TGO,Togo,Togo,Togo,Togo
THA,Thailand,Thailand,Thailand,Thailand
TJK,Tajikistan,Tajikistan,Tajikistan,Tajikistan
TKM,Turkmenistan,Turkmenistan,Turkmenistan,
TUN,Tunisia,Tunisia,Tunisia,Tunisia
TUR,Turkiye,Turkey,Turkiye,Turkey
TZA,Tanzania,Tanzania,Tanzania,Tanzania
UGA,Uganda,Uganda,Uganda,Uganda
URY,Uruguay,Uruguay,Uruguay,
USA,United States,United States,United States,United States
UZB,Uzbekistan,Uzbekistan,Uzbekistan,Uzbekistan
VEN,"Venezuela, RB",Venezuela,"Venezuela, RB","Venezuela, RB"
VNM,Viet Nam,Vietnam,Viet Nam,Vietnam
YEM,"Yemen, Rep.",Yemen,"Yemen, Rep.","Yemen, Rep."
ZAF,South Africa,South Africa,South Africa,South Africa
ZMB,Zambia,Zambia,Zambia,Zambia
ZWE,Zimbabwe,Zimbabwe,Zimbabwe,Zimbabwe
