edition,rank,country,score
2024,4,Denmark,75.59
2023,4,Denmark,79.61
2024,5,Estonia,72.07
2023,5,Sweden,73.28
2024,6,Philippines,70.70
2023,6,Chile,69.54
2024,7,India,70.25
2023,7,Morocco,67.44
2024,8,Netherlands,69.98
2023,8,India,67.35
2024,9,Morocco,69.82
2023,9,Estonia,65.14
2024,10,Sweden,69.39
2023,10,Norway,64.47
2024,11,Chile,68.74
2023,11,United Kingdom,63.07
2024,12,Norway,67.48
2023,12,Philippines,62.75
2024,13,Portugal,67.39
2023,13,Netherlands,62.24
2024,14,Germany,65.77
2023,14,Portugal,61.55
2024,15,Luxembourg,65.09
2023,15,Finland,61.24
2024,16,European Union,64.71
2023,16,Germany,61.11
2024,17,Nigeria,63.88
2023,17,Luxembourg,60.76
2024,18,Spain,63.37
2023,18,Malta,60.42
2024,19,Lithuania,62.99
2023,19,European Union,59.96
2024,20,United Kingdom,62.36
2023,20,Egypt,59.37
2024,21,Switzerland,61.94
2023,21,Lithuania,59.21
2024,22,Egypt,61.80
2023,22,Switzerland,58.61
2024,23,Brazil,61.74
2023,23,Spain,58.59
2024,24,Romania,61.50
2023,24,Greece,57.52
2024,25,Thailand,61.38
2023,25,Latvia,56.81
2024,26,Finland,61.11
2023,26,Indonesia,54.59
2024,27,Vietnam,60.94
2023,27,Colombia,54.50
2024,28,Greece,60.34
2023,28,France,52.97
2024,29,Malta,59.80
2023,29,Italy,52.90
2024,30,Pakistan,59.35
2023,30,Croatia,52.04
2024,31,Colombia,58.68
2023,31,Mexico,51.77
2024,32,Austria,58.17
2023,32,Austria,51.56
2024,33,Latvia,57.68
2023,33,New Zealand,50.55
2024,34,New Zealand,57.66
2023,34,Slovak Republic,50.12
2024,35,Croatia,57.32
2023,35,Cyprus,49.39
2024,36,Indonesia,57.20
2023,36,Bulgaria,49.15
2024,37,France,57.12
2023,37,Ireland,48.47
2024,38,Mexico,55.81
2023,38,Brazil,48.39
2024,39,Belgium,55.00
2023,39,Belgium,48.38
2024,40,Slovak Republic,54.47
2023,40,Vietnam,48.31
2024,41,Slovenia,53.57
2023,41,Slovenia,48.16
2024,42,Cyprus,53.09
2023,42,Thailand,47.23
2024,43,Ireland,51.42
2023,43,Romania,47.09
2024,44,Italy,50.60
2023,44,South Africa,45.69
2024,45,South Africa,49.53
2023,45,Czech Republic,44.16
2024,46,Bulgaria,46.94
2023,46,Belarus,43.69
2024,47,Belarus,46.80
2023,47,Turkey,43.32
2024,48,Uzbekistan,46.68
2023,48,Algeria,42.26
2024,49,Hungary,45.93
2023,49,Argentina,41.19
2024,50,Australia,45.72
2023,50,Japan,40.85
2024,51,China,45.56
2023,51,China,38.80
2024,52,Czech Republic,45.41
2023,52,United States,38.53
2024,53,Argentina,45.39
2023,53,Hungary,38.51
2024,54,Algeria,44.54
2023,54,Poland,37.94
2024,55,Poland,44.40
2023,55,Australia,36.26
2024,56,Turkey,43.82
2023,56,Malaysia,33.51
2024,57,United States,42.79
2023,57,Taiwan,28.35
2024,58,Japan,42.08
2023,58,Canada,26.47
2024,59,Malaysia,38.57
2023,59,Russia,25.28
2024,60,Kazakhstan,38.52
2023,60,South Korea,24.91
2024,61,Taiwan,36.94
2023,61,Kazakhstan,24.61
2024,62,Canada,31.55
2023,62,Saudi Arabia,22.41
2024,63,Russia,31.00
2023,63,Iran,18.77
